,Classifier,Dataset,Accuracy,Fit-Time,Predict-Time,total_feature_count,n_intervals_prop,interval_length_prop,num_of_random_dilations,n_estimators
0,TSF,ArrowHead,0.70857,1.27628,1.25034,NULL,1,1,None,200
1,TSF,Beef,0.8,1.84434,1.2755,NULL,1,1,None,200
2,TSF,BeetleFly,0.8,1.62412,1.23894,NULL,1,1,None,200
3,TSF,BirdChicken,0.9,1.64465,1.25412,NULL,1,1,None,200
4,TSF,Car,0.73333,2.72324,1.69844,NULL,1,1,None,200
5,TSF,CBF,0.99444,0.91034,1.4669,NULL,1,1,None,200
6,TSF,Coffee,1.0,1.29431,0.92298,NULL,1,1,None,200
7,TSF,DiatomSizeReduction,0.90196,1.28331,1.9921,NULL,1,1,None,200
8,TSF,DistalPhalanxOutlineAgeGroup,0.73381,2.36935,0.53807,NULL,1,1,None,200
9,TSF,DistalPhalanxOutlineCorrect,0.76449,3.9919,0.61988,NULL,1,1,None,200
10,TSF,DistalPhalanxTW,0.70504,2.8951,0.54495,NULL,1,1,None,200
11,TSF,ECG200,0.87,1.09215,0.57098,NULL,1,1,None,200
12,TSF,ECGFiveDays,0.96167,0.88664,1.5216,NULL,1,1,None,200
13,TSF,ItalyPowerDemand,0.9689,0.53516,0.4656,NULL,1,1,None,200
14,TSF,MiddlePhalanxOutlineAgeGroup,0.55844,2.63489,0.55256,NULL,1,1,None,200
15,TSF,MiddlePhalanxOutlineCorrect,0.81443,4.2466,0.62264,NULL,1,1,None,200
16,TSF,MiddlePhalanxTW,0.56494,3.71175,0.5367,NULL,1,1,None,200
17,TSF,OliveOil,0.83333,1.87937,1.41345,NULL,1,1,None,200
18,TSF,Plane,1.0,1.55041,0.79434,NULL,1,1,None,200
19,TSF,ProximalPhalanxOutlineAgeGroup,0.85366,2.468,0.56473,NULL,1,1,None,200
20,TSF,ProximalPhalanxOutlineCorrect,0.83505,3.84803,0.64106,NULL,1,1,None,200
21,TSF,ProximalPhalanxTW,0.80976,2.87814,0.60301,NULL,1,1,None,200
22,TSF,SyntheticControl,0.98333,1.95155,0.54965,NULL,1,1,None,200
23,TSF,TwoLeadECG,0.81124,0.7626,1.24818,NULL,1,1,None,200
24,TSF,Wine,0.64815,1.49318,0.94255,NULL,1,1,None,200
0,TSF_Dilation,ArrowHead,0.68571,1.47278,1.34712,9000,1.0,1.0,1,200
1,TSF_Dilation,Beef,0.63333,2.0527,1.33434,12600,1.0,1.0,1,200
2,TSF_Dilation,BeetleFly,0.8,1.81403,1.30807,13200,1.0,1.0,1,200
3,TSF_Dilation,BirdChicken,0.85,1.80611,1.29462,13200,1.0,1.0,1,200
4,TSF_Dilation,Car,0.63333,3.1517,1.82002,14400,1.0,1.0,1,200
5,TSF_Dilation,CBF,0.99444,0.98905,1.6487,6600,1.0,1.0,1,200
6,TSF_Dilation,Coffee,0.92857,1.39644,0.96027,9600,1.0,1.0,1,200
7,TSF_Dilation,DiatomSizeReduction,0.96405,1.40708,2.16575,10800,1.0,1.0,1,200
8,TSF_Dilation,DistalPhalanxOutlineAgeGroup,0.71223,2.51058,0.54846,4800,1.0,1.0,1,200
9,TSF_Dilation,DistalPhalanxOutlineCorrect,0.71377,4.27763,0.65556,4800,1.0,1.0,1,200
10,TSF_Dilation,DistalPhalanxTW,0.66906,3.00548,0.55204,4800,1.0,1.0,1,200
11,TSF_Dilation,ECG200,0.85,1.14428,0.58513,5400,1.0,1.0,1,200
12,TSF_Dilation,ECGFiveDays,0.98722,0.92707,1.61465,6600,1.0,1.0,1,200
13,TSF_Dilation,ItalyPowerDemand,0.96113,0.55391,0.48344,2400,1.0,1.0,1,200
14,TSF_Dilation,MiddlePhalanxOutlineAgeGroup,0.55195,2.7699,0.5736,4800,1.0,1.0,1,200
15,TSF_Dilation,MiddlePhalanxOutlineCorrect,0.76976,4.50321,0.64358,4800,1.0,1.0,1,200
16,TSF_Dilation,MiddlePhalanxTW,0.55844,3.84043,0.54951,4800,1.0,1.0,1,200
17,TSF_Dilation,OliveOil,0.76667,2.19945,1.54172,13800,1.0,1.0,1,200
18,TSF_Dilation,Plane,0.99048,1.63973,0.8076,7200,1.0,1.0,1,200
19,TSF_Dilation,ProximalPhalanxOutlineAgeGroup,0.83902,2.59911,0.6049,4800,1.0,1.0,1,200
20,TSF_Dilation,ProximalPhalanxOutlineCorrect,0.81787,4.18862,0.65666,4800,1.0,1.0,1,200
21,TSF_Dilation,ProximalPhalanxTW,0.80488,2.91224,0.59204,4800,1.0,1.0,1,200
22,TSF_Dilation,SyntheticControl,0.97,2.04759,0.57543,4200,1.0,1.0,1,200
23,TSF_Dilation,TwoLeadECG,0.79982,0.8224,1.34745,5400,1.0,1.0,1,200
24,TSF_Dilation,Wine,0.55556,1.58843,0.95941,9000,1.0,1.0,1,200
0,TSF_Dilation,ArrowHead,0.54286,5.70201,5.54582,45000,1.0,1.0,5,200
1,TSF_Dilation,Beef,0.53333,8.81491,5.79146,63000,1.0,1.0,5,200
2,TSF_Dilation,BeetleFly,0.5,8.04459,5.80717,66000,1.0,1.0,5,200
3,TSF_Dilation,BirdChicken,0.85,8.04458,5.93887,66000,1.0,1.0,5,200
4,TSF_Dilation,Car,0.23333,14.06161,7.64597,72000,1.0,1.0,5,200
5,TSF_Dilation,CBF,0.92222,3.80182,6.89904,33000,1.0,1.0,5,200
6,TSF_Dilation,Coffee,0.96429,5.65827,4.23843,48000,1.0,1.0,5,200
7,TSF_Dilation,DiatomSizeReduction,0.95752,6.01431,9.08187,54000,1.0,1.0,5,200
8,TSF_Dilation,DistalPhalanxOutlineAgeGroup,0.74101,10.97957,2.33932,24000,1.0,1.0,5,200
9,TSF_Dilation,DistalPhalanxOutlineCorrect,0.41667,18.87321,2.65034,24000,1.0,1.0,5,200
10,TSF_Dilation,DistalPhalanxTW,0.67626,13.33397,2.36693,24000,1.0,1.0,5,200
11,TSF_Dilation,ECG200,0.86,4.45565,2.57692,27000,1.0,1.0,5,200
12,TSF_Dilation,ECGFiveDays,0.99187,3.50943,6.84264,33000,1.0,1.0,5,200
13,TSF_Dilation,ItalyPowerDemand,0.96404,1.54459,1.95296,12000,1.0,1.0,5,200
14,TSF_Dilation,MiddlePhalanxOutlineAgeGroup,0.58442,12.30318,2.569,24000,1.0,1.0,5,200
15,TSF_Dilation,MiddlePhalanxOutlineCorrect,0.68041,20.35261,2.91854,24000,1.0,1.0,5,200
16,TSF_Dilation,MiddlePhalanxTW,0.47403,17.59686,2.51589,24000,1.0,1.0,5,200
17,TSF_Dilation,OliveOil,0.43333,9.63389,6.64156,69000,1.0,1.0,5,200
18,TSF_Dilation,Plane,1.0,7.03626,3.59074,36000,1.0,1.0,5,200
19,TSF_Dilation,ProximalPhalanxOutlineAgeGroup,0.86341,11.71331,2.61369,24000,1.0,1.0,5,200
20,TSF_Dilation,ProximalPhalanxOutlineCorrect,0.62887,18.82268,2.89074,24000,1.0,1.0,5,200
21,TSF_Dilation,ProximalPhalanxTW,0.79512,13.17232,2.5761,24000,1.0,1.0,5,200
22,TSF_Dilation,SyntheticControl,0.94333,8.4221,2.43325,21000,1.0,1.0,5,200
23,TSF_Dilation,TwoLeadECG,0.50044,2.92775,5.63718,27000,1.0,1.0,5,200
24,TSF_Dilation,Wine,0.5,6.65843,4.17383,45000,1.0,1.0,5,200
0,TSF_Dilation,ArrowHead,0.53714,10.16304,10.12168,81000,1.0,1.0,9,200
1,TSF_Dilation,Beef,0.66667,15.57941,10.44481,113400,1.0,1.0,9,200
2,TSF_Dilation,BeetleFly,0.55,13.97443,10.41548,118800,1.0,1.0,9,200
3,TSF_Dilation,BirdChicken,0.8,14.09135,10.56864,118800,1.0,1.0,9,200
4,TSF_Dilation,Car,0.23333,24.72823,13.609,129600,1.0,1.0,9,200
5,TSF_Dilation,CBF,0.41333,6.60164,12.24781,59400,1.0,1.0,9,200
6,TSF_Dilation,Coffee,0.89286,9.8771,7.49093,86400,1.0,1.0,9,200
7,TSF_Dilation,DiatomSizeReduction,0.95425,10.75084,16.43506,97200,1.0,1.0,9,200
8,TSF_Dilation,DistalPhalanxOutlineAgeGroup,0.69065,19.5354,4.16852,43200,1.0,1.0,9,200
9,TSF_Dilation,DistalPhalanxOutlineCorrect,0.41667,33.92089,4.95619,43200,1.0,1.0,9,200
10,TSF_Dilation,DistalPhalanxTW,0.67626,23.86522,4.29534,43200,1.0,1.0,9,200
11,TSF_Dilation,ECG200,0.82,7.68288,4.59043,48600,1.0,1.0,9,200
12,TSF_Dilation,ECGFiveDays,0.98955,6.10171,12.0388,59400,1.0,1.0,9,200
13,TSF_Dilation,ItalyPowerDemand,0.96404,2.61255,3.51987,21600,1.0,1.0,9,200
14,TSF_Dilation,MiddlePhalanxOutlineAgeGroup,0.5974,21.46771,4.48397,43200,1.0,1.0,9,200
15,TSF_Dilation,MiddlePhalanxOutlineCorrect,0.45704,37.7867,4.86587,43200,1.0,1.0,9,200
16,TSF_Dilation,MiddlePhalanxTW,0.44156,31.1338,4.35317,43200,1.0,1.0,9,200
17,TSF_Dilation,OliveOil,0.43333,16.43584,11.53967,124200,1.0,1.0,9,200
18,TSF_Dilation,Plane,1.0,12.37253,6.42218,64800,1.0,1.0,9,200
19,TSF_Dilation,ProximalPhalanxOutlineAgeGroup,0.86341,20.23735,4.67244,43200,1.0,1.0,9,200
20,TSF_Dilation,ProximalPhalanxOutlineCorrect,0.60137,32.78011,4.99276,43200,1.0,1.0,9,200
21,TSF_Dilation,ProximalPhalanxTW,0.81951,23.19505,4.63433,43200,1.0,1.0,9,200
22,TSF_Dilation,SyntheticControl,0.93,14.97008,4.33712,37800,1.0,1.0,9,200
23,TSF_Dilation,TwoLeadECG,0.50044,5.11548,9.92762,48600,1.0,1.0,9,200
24,TSF_Dilation,Wine,0.5,11.37514,7.44449,81000,1.0,1.0,9,200
0,TSF_Dilation,ArrowHead,0.54286,14.41879,14.64732,117000,1.0,1.0,13,200
1,TSF_Dilation,Beef,0.6,22.37618,15.16173,163800,1.0,1.0,13,200
2,TSF_Dilation,BeetleFly,0.6,20.46376,15.25074,171600,1.0,1.0,13,200
3,TSF_Dilation,BirdChicken,0.9,19.97212,15.07157,171600,1.0,1.0,13,200
4,TSF_Dilation,Car,0.23333,37.10467,20.01675,187200,1.0,1.0,13,200
5,TSF_Dilation,CBF,0.53222,9.27155,17.39698,85800,1.0,1.0,13,200
6,TSF_Dilation,Coffee,0.89286,14.23974,11.06989,124800,1.0,1.0,13,200
7,TSF_Dilation,DiatomSizeReduction,0.96078,15.2998,23.31642,140400,1.0,1.0,13,200
8,TSF_Dilation,DistalPhalanxOutlineAgeGroup,0.73381,28.2139,6.19193,62400,1.0,1.0,13,200
9,TSF_Dilation,DistalPhalanxOutlineCorrect,0.41667,48.75725,7.1903,62400,1.0,1.0,13,200
10,TSF_Dilation,DistalPhalanxTW,0.66906,33.64537,6.12356,62400,1.0,1.0,13,200
11,TSF_Dilation,ECG200,0.81,10.68403,6.50759,70200,1.0,1.0,13,200
12,TSF_Dilation,ECGFiveDays,0.99071,8.78315,17.78139,85800,1.0,1.0,13,200
13,TSF_Dilation,ItalyPowerDemand,0.96501,3.6502,5.04393,31200,1.0,1.0,13,200
14,TSF_Dilation,MiddlePhalanxOutlineAgeGroup,0.49351,30.34911,6.15306,62400,1.0,1.0,13,200
15,TSF_Dilation,MiddlePhalanxOutlineCorrect,0.43299,51.03164,7.34361,62400,1.0,1.0,13,200
16,TSF_Dilation,MiddlePhalanxTW,0.42857,44.63617,6.16832,62400,1.0,1.0,13,200
17,TSF_Dilation,OliveOil,0.56667,24.4441,17.18655,179400,1.0,1.0,13,200
18,TSF_Dilation,Plane,0.99048,17.21315,9.15503,93600,1.0,1.0,13,200
19,TSF_Dilation,ProximalPhalanxOutlineAgeGroup,0.83902,28.68464,6.70771,62400,1.0,1.0,13,200
20,TSF_Dilation,ProximalPhalanxOutlineCorrect,0.33677,47.12023,7.1098,62400,1.0,1.0,13,200
21,TSF_Dilation,ProximalPhalanxTW,0.8,34.77874,6.54674,62400,1.0,1.0,13,200
22,TSF_Dilation,SyntheticControl,0.89333,22.11759,6.17222,54600,1.0,1.0,13,200
23,TSF_Dilation,TwoLeadECG,0.53644,6.96666,15.02428,70200,1.0,1.0,13,200
24,TSF_Dilation,Wine,0.5,16.76263,10.92711,117000,1.0,1.0,13,200
0,TSF_Dilation,ArrowHead,0.50857,19.28027,20.08552,153000,1.0,1.0,17,200
1,TSF_Dilation,Beef,0.7,29.05463,19.75853,214200,1.0,1.0,17,200
2,TSF_Dilation,BeetleFly,0.55,26.26814,20.03063,224400,1.0,1.0,17,200
3,TSF_Dilation,BirdChicken,0.8,25.71833,19.44224,224400,1.0,1.0,17,200
4,TSF_Dilation,Car,0.23333,47.46739,26.46959,244800,1.0,1.0,17,200
5,TSF_Dilation,CBF,0.38222,12.12087,23.15701,112200,1.0,1.0,17,200
6,TSF_Dilation,Coffee,0.92857,18.67593,14.39023,163200,1.0,1.0,17,200
7,TSF_Dilation,DiatomSizeReduction,0.95425,19.5611,31.18289,183600,1.0,1.0,17,200
8,TSF_Dilation,DistalPhalanxOutlineAgeGroup,0.74101,36.87285,7.92948,81600,1.0,1.0,17,200
9,TSF_Dilation,DistalPhalanxOutlineCorrect,0.41667,65.53032,9.50625,81600,1.0,1.0,17,200
10,TSF_Dilation,DistalPhalanxTW,0.68345,44.75819,8.11987,81600,1.0,1.0,17,200
11,TSF_Dilation,ECG200,0.79,13.89306,8.7399,91800,1.0,1.0,17,200
12,TSF_Dilation,ECGFiveDays,0.99071,11.34119,23.44055,112200,1.0,1.0,17,200
13,TSF_Dilation,ItalyPowerDemand,0.9621,4.57967,6.49447,40800,1.0,1.0,17,200
14,TSF_Dilation,MiddlePhalanxOutlineAgeGroup,0.48052,39.53282,8.23639,81600,1.0,1.0,17,200
15,TSF_Dilation,MiddlePhalanxOutlineCorrect,0.68385,66.207,9.50816,81600,1.0,1.0,17,200
16,TSF_Dilation,MiddlePhalanxTW,0.42857,57.48421,7.89345,81600,1.0,1.0,17,200
17,TSF_Dilation,OliveOil,0.66667,31.89676,22.30375,234600,1.0,1.0,17,200
18,TSF_Dilation,Plane,0.98095,23.00977,12.1599,122400,1.0,1.0,17,200
19,TSF_Dilation,ProximalPhalanxOutlineAgeGroup,0.83415,37.496,8.96451,81600,1.0,1.0,17,200
20,TSF_Dilation,ProximalPhalanxOutlineCorrect,0.31615,60.20174,9.4618,81600,1.0,1.0,17,200
21,TSF_Dilation,ProximalPhalanxTW,0.80488,43.20229,8.73558,81600,1.0,1.0,17,200
22,TSF_Dilation,SyntheticControl,0.91333,27.53203,8.00832,71400,1.0,1.0,17,200
23,TSF_Dilation,TwoLeadECG,0.51449,9.41051,19.75289,91800,1.0,1.0,17,200
24,TSF_Dilation,Wine,0.5,21.37707,14.3352,153000,1.0,1.0,17,200
0,TSF_Dilation,ArrowHead,0.53143,22.63602,23.56558,189000,1.0,1.0,21,200
1,TSF_Dilation,Beef,0.4,35.51816,24.3207,264600,1.0,1.0,21,200
2,TSF_Dilation,BeetleFly,0.55,31.57427,24.23282,277200,1.0,1.0,21,200
3,TSF_Dilation,BirdChicken,0.8,32.44565,24.24041,277200,1.0,1.0,21,200
4,TSF_Dilation,Car,0.23333,57.8906,32.57527,302400,1.0,1.0,21,200
5,TSF_Dilation,CBF,0.35333,14.50941,27.68776,138600,1.0,1.0,21,200
6,TSF_Dilation,Coffee,0.92857,22.28545,17.36468,201600,1.0,1.0,21,200
7,TSF_Dilation,DiatomSizeReduction,0.92484,23.36117,37.29584,226800,1.0,1.0,21,200
8,TSF_Dilation,DistalPhalanxOutlineAgeGroup,0.7482,44.87623,10.00322,100800,1.0,1.0,21,200
9,TSF_Dilation,DistalPhalanxOutlineCorrect,0.41667,77.12594,11.02847,100800,1.0,1.0,21,200
10,TSF_Dilation,DistalPhalanxTW,0.68345,53.56272,9.83685,100800,1.0,1.0,21,200
11,TSF_Dilation,ECG200,0.85,17.18445,10.66617,113400,1.0,1.0,21,200
12,TSF_Dilation,ECGFiveDays,0.99071,13.40339,28.18164,138600,1.0,1.0,21,200
13,TSF_Dilation,ItalyPowerDemand,0.95432,5.80376,8.23075,50400,1.0,1.0,21,200
14,TSF_Dilation,MiddlePhalanxOutlineAgeGroup,0.31818,48.62286,9.90558,100800,1.0,1.0,21,200
15,TSF_Dilation,MiddlePhalanxOutlineCorrect,0.5189,82.07406,12.0693,100800,1.0,1.0,21,200
16,TSF_Dilation,MiddlePhalanxTW,0.43506,71.66073,9.91239,100800,1.0,1.0,21,200
17,TSF_Dilation,OliveOil,0.4,39.82646,27.86074,289800,1.0,1.0,21,200
18,TSF_Dilation,Plane,1.0,28.04939,14.81417,151200,1.0,1.0,21,200
19,TSF_Dilation,ProximalPhalanxOutlineAgeGroup,0.8439,45.86741,10.89349,100800,1.0,1.0,21,200
20,TSF_Dilation,ProximalPhalanxOutlineCorrect,0.56014,73.92877,11.44168,100800,1.0,1.0,21,200
21,TSF_Dilation,ProximalPhalanxTW,0.77561,53.3425,10.73766,100800,1.0,1.0,21,200
22,TSF_Dilation,SyntheticControl,0.94333,34.29555,10.15954,88200,1.0,1.0,21,200
23,TSF_Dilation,TwoLeadECG,0.65672,11.17217,23.60462,113400,1.0,1.0,21,200
24,TSF_Dilation,Wine,0.5,26.89604,17.52164,189000,1.0,1.0,21,200
0,TSF_Dilation,ArrowHead,0.62857,27.52614,27.99076,225000,1.0,1.0,25,200
1,TSF_Dilation,Beef,0.53333,42.89859,28.69941,315000,1.0,1.0,25,200
2,TSF_Dilation,BeetleFly,0.7,37.48356,29.36979,330000,1.0,1.0,25,200
3,TSF_Dilation,BirdChicken,0.6,37.69208,28.8332,330000,1.0,1.0,25,200
4,TSF_Dilation,Car,0.23333,69.27871,38.57438,360000,1.0,1.0,25,200
5,TSF_Dilation,CBF,0.49444,17.78137,34.283,165000,1.0,1.0,25,200
6,TSF_Dilation,Coffee,1.0,26.80885,20.79783,240000,1.0,1.0,25,200
7,TSF_Dilation,DiatomSizeReduction,0.93791,28.3878,46.06337,270000,1.0,1.0,25,200
8,TSF_Dilation,DistalPhalanxOutlineAgeGroup,0.73381,53.69096,11.70319,120000,1.0,1.0,25,200
9,TSF_Dilation,DistalPhalanxOutlineCorrect,0.41667,92.80036,13.64044,120000,1.0,1.0,25,200
10,TSF_Dilation,DistalPhalanxTW,0.67626,63.44308,11.70788,120000,1.0,1.0,25,200
11,TSF_Dilation,ECG200,0.87,20.31869,12.64088,135000,1.0,1.0,25,200
12,TSF_Dilation,ECGFiveDays,0.99187,16.69548,35.03156,165000,1.0,1.0,25,200
13,TSF_Dilation,ItalyPowerDemand,0.9553,6.84779,9.80798,60000,1.0,1.0,25,200
14,TSF_Dilation,MiddlePhalanxOutlineAgeGroup,0.37013,58.4835,12.20549,120000,1.0,1.0,25,200
15,TSF_Dilation,MiddlePhalanxOutlineCorrect,0.53265,96.98339,14.23447,120000,1.0,1.0,25,200
16,TSF_Dilation,MiddlePhalanxTW,0.42857,84.96482,12.05811,120000,1.0,1.0,25,200
17,TSF_Dilation,OliveOil,0.46667,46.14904,31.92987,345000,1.0,1.0,25,200
18,TSF_Dilation,Plane,0.98095,33.70368,17.55927,180000,1.0,1.0,25,200
19,TSF_Dilation,ProximalPhalanxOutlineAgeGroup,0.83902,54.75801,12.87656,120000,1.0,1.0,25,200
20,TSF_Dilation,ProximalPhalanxOutlineCorrect,0.50172,89.90139,14.02021,120000,1.0,1.0,25,200
21,TSF_Dilation,ProximalPhalanxTW,0.79512,62.80285,12.51586,120000,1.0,1.0,25,200
22,TSF_Dilation,SyntheticControl,0.9,40.69454,11.99154,105000,1.0,1.0,25,200
23,TSF_Dilation,TwoLeadECG,0.50044,13.3456,27.52102,135000,1.0,1.0,25,200
24,TSF_Dilation,Wine,0.5,31.18353,20.47298,225000,1.0,1.0,25,200
0,TSF_Dilation,ArrowHead,0.52571,31.69244,31.99792,261000,1.0,1.0,29,200
1,TSF_Dilation,Beef,0.43333,48.65164,33.50394,365400,1.0,1.0,29,200
2,TSF_Dilation,BeetleFly,0.55,44.93844,33.52253,382800,1.0,1.0,29,200
3,TSF_Dilation,BirdChicken,0.8,44.66894,34.0459,382800,1.0,1.0,29,200
4,TSF_Dilation,Car,0.23333,81.01724,43.5976,417600,1.0,1.0,29,200
5,TSF_Dilation,CBF,0.52444,20.26435,39.95359,191400,1.0,1.0,29,200
6,TSF_Dilation,Coffee,0.96429,32.3447,25.14146,278400,1.0,1.0,29,200
7,TSF_Dilation,DiatomSizeReduction,0.95752,32.51377,52.96819,313200,1.0,1.0,29,200
8,TSF_Dilation,DistalPhalanxOutlineAgeGroup,0.71942,61.89946,13.98324,139200,1.0,1.0,29,200
9,TSF_Dilation,DistalPhalanxOutlineCorrect,0.41667,107.57394,16.29279,139200,1.0,1.0,29,200
10,TSF_Dilation,DistalPhalanxTW,0.68345,74.02875,13.70778,139200,1.0,1.0,29,200
11,TSF_Dilation,ECG200,0.76,23.54619,14.57851,156600,1.0,1.0,29,200
12,TSF_Dilation,ECGFiveDays,0.98722,19.6172,40.3336,191400,1.0,1.0,29,200
13,TSF_Dilation,ItalyPowerDemand,0.96113,8.06236,11.57607,69600,1.0,1.0,29,200
14,TSF_Dilation,MiddlePhalanxOutlineAgeGroup,0.27273,67.75399,14.19429,139200,1.0,1.0,29,200
15,TSF_Dilation,MiddlePhalanxOutlineCorrect,0.48797,110.17111,16.00001,139200,1.0,1.0,29,200
16,TSF_Dilation,MiddlePhalanxTW,0.55844,98.41822,14.08716,139200,1.0,1.0,29,200
17,TSF_Dilation,OliveOil,0.4,53.71674,37.77599,400200,1.0,1.0,29,200
18,TSF_Dilation,Plane,0.9619,38.7504,20.41921,208800,1.0,1.0,29,200
19,TSF_Dilation,ProximalPhalanxOutlineAgeGroup,0.82927,63.5824,14.99666,139200,1.0,1.0,29,200
20,TSF_Dilation,ProximalPhalanxOutlineCorrect,0.45704,102.50879,16.28686,139200,1.0,1.0,29,200
21,TSF_Dilation,ProximalPhalanxTW,0.77073,73.47038,14.86078,139200,1.0,1.0,29,200
22,TSF_Dilation,SyntheticControl,0.85,47.42115,13.89108,121800,1.0,1.0,29,200
23,TSF_Dilation,TwoLeadECG,0.50044,15.45268,33.06326,156600,1.0,1.0,29,200
24,TSF_Dilation,Wine,0.5,36.51852,24.2778,261000,1.0,1.0,29,200
0,TSF_Dilation,ArrowHead,0.55429,36.78398,37.20409,297000,1.0,1.0,33,200
1,TSF_Dilation,Beef,0.4,55.46012,37.98398,415800,1.0,1.0,33,200
2,TSF_Dilation,BeetleFly,0.55,48.96315,37.99214,435600,1.0,1.0,33,200
3,TSF_Dilation,BirdChicken,0.75,48.20538,37.07789,435600,1.0,1.0,33,200
4,TSF_Dilation,Car,0.23333,90.81615,50.02167,475200,1.0,1.0,33,200
5,TSF_Dilation,CBF,0.52222,23.17609,45.52019,217800,1.0,1.0,33,200
6,TSF_Dilation,Coffee,0.96429,35.47218,27.78896,316800,1.0,1.0,33,200
7,TSF_Dilation,DiatomSizeReduction,0.96078,37.33887,59.93504,356400,1.0,1.0,33,200
8,TSF_Dilation,DistalPhalanxOutlineAgeGroup,0.71942,72.17949,15.60564,158400,1.0,1.0,33,200
9,TSF_Dilation,DistalPhalanxOutlineCorrect,0.41667,121.08379,17.68779,158400,1.0,1.0,33,200
10,TSF_Dilation,DistalPhalanxTW,0.65468,84.40354,15.63321,158400,1.0,1.0,33,200
11,TSF_Dilation,ECG200,0.84,26.85173,16.63613,178200,1.0,1.0,33,200
12,TSF_Dilation,ECGFiveDays,0.99071,21.4209,44.69982,217800,1.0,1.0,33,200
13,TSF_Dilation,ItalyPowerDemand,0.95627,8.68381,12.76855,79200,1.0,1.0,33,200
14,TSF_Dilation,MiddlePhalanxOutlineAgeGroup,0.40909,76.30842,15.68122,158400,1.0,1.0,33,200
15,TSF_Dilation,MiddlePhalanxOutlineCorrect,0.49485,128.76676,18.21858,158400,1.0,1.0,33,200
16,TSF_Dilation,MiddlePhalanxTW,0.40909,111.40414,15.56331,158400,1.0,1.0,33,200
17,TSF_Dilation,OliveOil,0.4,62.24736,43.74364,455400,1.0,1.0,33,200
18,TSF_Dilation,Plane,0.99048,43.87487,23.48871,237600,1.0,1.0,33,200
19,TSF_Dilation,ProximalPhalanxOutlineAgeGroup,0.86341,71.84449,16.69754,158400,1.0,1.0,33,200
20,TSF_Dilation,ProximalPhalanxOutlineCorrect,0.33677,115.87561,17.98008,158400,1.0,1.0,33,200
21,TSF_Dilation,ProximalPhalanxTW,0.8,83.29104,16.92735,158400,1.0,1.0,33,200
22,TSF_Dilation,SyntheticControl,0.82667,54.35002,15.99793,138600,1.0,1.0,33,200
23,TSF_Dilation,TwoLeadECG,0.50132,17.79557,37.1248,178200,1.0,1.0,33,200
24,TSF_Dilation,Wine,0.5,41.8297,27.82435,297000,1.0,1.0,33,200
0,TSF_Dilation,ArrowHead,0.54857,41.0293,42.00997,333000,1.0,1.0,37,200
1,TSF_Dilation,Beef,0.36667,63.58698,43.78634,466200,1.0,1.0,37,200
2,TSF_Dilation,BeetleFly,0.5,54.56275,42.05245,488400,1.0,1.0,37,200
3,TSF_Dilation,BirdChicken,0.5,57.7561,42.98361,488400,1.0,1.0,37,200
4,TSF_Dilation,Car,0.23333,102.91063,59.27307,532800,1.0,1.0,37,200
5,TSF_Dilation,CBF,0.36889,25.06296,50.27945,244200,1.0,1.0,37,200
6,TSF_Dilation,Coffee,0.92857,38.6718,30.00962,355200,1.0,1.0,37,200
7,TSF_Dilation,DiatomSizeReduction,0.95752,41.40492,66.1722,399600,1.0,1.0,37,200
8,TSF_Dilation,DistalPhalanxOutlineAgeGroup,0.72662,78.66353,17.43058,177600,1.0,1.0,37,200
9,TSF_Dilation,DistalPhalanxOutlineCorrect,0.41667,136.81343,20.64857,177600,1.0,1.0,37,200
10,TSF_Dilation,DistalPhalanxTW,0.69784,93.78908,17.57053,177600,1.0,1.0,37,200
11,TSF_Dilation,ECG200,0.63,29.99736,18.66922,199800,1.0,1.0,37,200
12,TSF_Dilation,ECGFiveDays,0.99535,24.5811,51.06168,244200,1.0,1.0,37,200
13,TSF_Dilation,ItalyPowerDemand,0.9621,9.88453,14.41689,88800,1.0,1.0,37,200
14,TSF_Dilation,MiddlePhalanxOutlineAgeGroup,0.49351,84.8114,17.24535,177600,1.0,1.0,37,200
15,TSF_Dilation,MiddlePhalanxOutlineCorrect,0.44674,141.74707,20.47556,177600,1.0,1.0,37,200
16,TSF_Dilation,MiddlePhalanxTW,0.42208,125.08752,17.76233,177600,1.0,1.0,37,200
17,TSF_Dilation,OliveOil,0.4,70.52086,48.3572,510600,1.0,1.0,37,200
18,TSF_Dilation,Plane,0.98095,49.33724,25.89624,266400,1.0,1.0,37,200
19,TSF_Dilation,ProximalPhalanxOutlineAgeGroup,0.85854,79.53595,18.47819,177600,1.0,1.0,37,200
20,TSF_Dilation,ProximalPhalanxOutlineCorrect,0.62887,130.88357,20.82545,177600,1.0,1.0,37,200
21,TSF_Dilation,ProximalPhalanxTW,0.78537,93.72026,19.65913,177600,1.0,1.0,37,200
22,TSF_Dilation,SyntheticControl,0.84,60.38192,17.60843,155400,1.0,1.0,37,200
23,TSF_Dilation,TwoLeadECG,0.50132,18.96073,40.87497,199800,1.0,1.0,37,200
24,TSF_Dilation,Wine,0.5,47.08053,31.32593,333000,1.0,1.0,37,200
0,TSF_Dilation,ArrowHead,0.48571,44.81201,46.54325,369000,1.0,1.0,41,200
1,TSF_Dilation,Beef,0.36667,70.24659,48.73063,516600,1.0,1.0,41,200
2,TSF_Dilation,BeetleFly,0.65,62.55381,47.70223,541200,1.0,1.0,41,200
3,TSF_Dilation,BirdChicken,0.8,62.24346,46.74107,541200,1.0,1.0,41,200
4,TSF_Dilation,Car,0.23333,111.48636,62.35131,590400,1.0,1.0,41,200
5,TSF_Dilation,CBF,0.33111,28.61052,56.47017,270600,1.0,1.0,41,200
6,TSF_Dilation,Coffee,0.96429,44.42986,34.81815,393600,1.0,1.0,41,200
7,TSF_Dilation,DiatomSizeReduction,0.95098,47.66048,74.32564,442800,1.0,1.0,41,200
8,TSF_Dilation,DistalPhalanxOutlineAgeGroup,0.72662,87.58806,19.27656,196800,1.0,1.0,41,200
9,TSF_Dilation,DistalPhalanxOutlineCorrect,0.41667,152.83197,22.94634,196800,1.0,1.0,41,200
10,TSF_Dilation,DistalPhalanxTW,0.67626,103.46419,18.70602,196800,1.0,1.0,41,200
11,TSF_Dilation,ECG200,0.78,33.33009,20.75871,221400,1.0,1.0,41,200
12,TSF_Dilation,ECGFiveDays,0.99303,26.94236,56.14546,270600,1.0,1.0,41,200
13,TSF_Dilation,ItalyPowerDemand,0.96113,10.68587,15.52585,98400,1.0,1.0,41,200
14,TSF_Dilation,MiddlePhalanxOutlineAgeGroup,0.31818,94.42953,19.80144,196800,1.0,1.0,41,200
15,TSF_Dilation,MiddlePhalanxOutlineCorrect,0.64605,158.06738,22.80048,196800,1.0,1.0,41,200
16,TSF_Dilation,MiddlePhalanxTW,0.45455,138.76479,19.46097,196800,1.0,1.0,41,200
17,TSF_Dilation,OliveOil,0.4,76.6407,53.57858,565800,1.0,1.0,41,200
18,TSF_Dilation,Plane,0.98095,55.44175,29.75813,295200,1.0,1.0,41,200
19,TSF_Dilation,ProximalPhalanxOutlineAgeGroup,0.85366,89.29803,21.13098,196800,1.0,1.0,41,200
20,TSF_Dilation,ProximalPhalanxOutlineCorrect,0.38488,145.34029,22.36294,196800,1.0,1.0,41,200
21,TSF_Dilation,ProximalPhalanxTW,0.79512,102.54718,20.76001,196800,1.0,1.0,41,200
22,TSF_Dilation,SyntheticControl,0.85333,65.92816,19.17998,172200,1.0,1.0,41,200
23,TSF_Dilation,TwoLeadECG,0.50044,21.17113,45.54434,221400,1.0,1.0,41,200
24,TSF_Dilation,Wine,0.5,51.10105,34.59296,369000,1.0,1.0,41,200
0,TSF_Dilation,ArrowHead,0.44,49.78398,50.53621,405000,1.0,1.0,45,200
1,TSF_Dilation,Beef,0.36667,76.32177,52.72685,567000,1.0,1.0,45,200
2,TSF_Dilation,BeetleFly,0.6,66.03463,51.35893,594000,1.0,1.0,45,200
3,TSF_Dilation,BirdChicken,0.5,66.61422,50.41956,594000,1.0,1.0,45,200
4,TSF_Dilation,Car,0.23333,120.45987,70.92778,648000,1.0,1.0,45,200
5,TSF_Dilation,CBF,0.33556,31.59665,60.80328,297000,1.0,1.0,45,200
6,TSF_Dilation,Coffee,0.92857,48.59572,37.25173,432000,1.0,1.0,45,200
7,TSF_Dilation,DiatomSizeReduction,0.95425,52.04039,79.79013,486000,1.0,1.0,45,200
8,TSF_Dilation,DistalPhalanxOutlineAgeGroup,0.73381,95.94627,21.93227,216000,1.0,1.0,45,200
9,TSF_Dilation,DistalPhalanxOutlineCorrect,0.41667,165.40192,25.58204,216000,1.0,1.0,45,200
10,TSF_Dilation,DistalPhalanxTW,0.69784,113.97879,21.58773,216000,1.0,1.0,45,200
11,TSF_Dilation,ECG200,0.85,35.80172,22.21198,243000,1.0,1.0,45,200
12,TSF_Dilation,ECGFiveDays,0.98955,29.2775,61.23733,297000,1.0,1.0,45,200
13,TSF_Dilation,ItalyPowerDemand,0.96113,11.54131,16.91943,108000,1.0,1.0,45,200
14,TSF_Dilation,MiddlePhalanxOutlineAgeGroup,0.23377,103.03219,20.95678,216000,1.0,1.0,45,200
15,TSF_Dilation,MiddlePhalanxOutlineCorrect,0.4433,169.67274,24.35275,216000,1.0,1.0,45,200
16,TSF_Dilation,MiddlePhalanxTW,0.38312,154.26912,21.69109,216000,1.0,1.0,45,200
17,TSF_Dilation,OliveOil,0.4,85.22871,60.11213,621000,1.0,1.0,45,200
18,TSF_Dilation,Plane,0.92381,61.59682,32.4457,324000,1.0,1.0,45,200
19,TSF_Dilation,ProximalPhalanxOutlineAgeGroup,0.85854,98.23368,23.63253,216000,1.0,1.0,45,200
20,TSF_Dilation,ProximalPhalanxOutlineCorrect,0.50172,158.86098,25.42404,216000,1.0,1.0,45,200
21,TSF_Dilation,ProximalPhalanxTW,0.78049,112.1825,22.64297,216000,1.0,1.0,45,200
22,TSF_Dilation,SyntheticControl,0.86,73.95447,22.03288,189000,1.0,1.0,45,200
23,TSF_Dilation,TwoLeadECG,0.53644,23.40088,50.64232,243000,1.0,1.0,45,200
24,TSF_Dilation,Wine,0.5,55.88523,37.82049,405000,1.0,1.0,45,200
0,TSF_Dilation,ArrowHead,0.45143,54.12482,56.28374,441000,1.0,1.0,49,200
1,TSF_Dilation,Beef,0.46667,82.6512,57.24678,617400,1.0,1.0,49,200
2,TSF_Dilation,BeetleFly,0.5,71.95118,54.93446,646800,1.0,1.0,49,200
3,TSF_Dilation,BirdChicken,0.55,76.30918,58.30346,646800,1.0,1.0,49,200
4,TSF_Dilation,Car,0.23333,134.59018,77.10217,705600,1.0,1.0,49,200
5,TSF_Dilation,CBF,0.33111,34.01556,66.77321,323400,1.0,1.0,49,200
6,TSF_Dilation,Coffee,0.92857,51.53797,41.46365,470400,1.0,1.0,49,200
7,TSF_Dilation,DiatomSizeReduction,0.96078,55.57624,90.52766,529200,1.0,1.0,49,200
8,TSF_Dilation,DistalPhalanxOutlineAgeGroup,0.72662,103.59473,22.47418,235200,1.0,1.0,49,200
9,TSF_Dilation,DistalPhalanxOutlineCorrect,0.41667,178.82721,26.79825,235200,1.0,1.0,49,200
10,TSF_Dilation,DistalPhalanxTW,0.61151,125.43912,23.13389,235200,1.0,1.0,49,200
11,TSF_Dilation,ECG200,0.88,38.64375,23.88371,264600,1.0,1.0,49,200
12,TSF_Dilation,ECGFiveDays,0.99303,32.84639,67.66539,323400,1.0,1.0,49,200
13,TSF_Dilation,ItalyPowerDemand,0.94655,12.98323,18.89155,117600,1.0,1.0,49,200
14,TSF_Dilation,MiddlePhalanxOutlineAgeGroup,0.48052,114.27138,22.796,235200,1.0,1.0,49,200
15,TSF_Dilation,MiddlePhalanxOutlineCorrect,0.45017,189.35354,27.24817,235200,1.0,1.0,49,200
16,TSF_Dilation,MiddlePhalanxTW,0.37662,166.87935,24.05153,235200,1.0,1.0,49,200
17,TSF_Dilation,OliveOil,0.4,90.07728,63.93447,676200,1.0,1.0,49,200
18,TSF_Dilation,Plane,0.98095,65.99494,33.92991,352800,1.0,1.0,49,200
19,TSF_Dilation,ProximalPhalanxOutlineAgeGroup,0.8439,106.22634,25.01923,235200,1.0,1.0,49,200
20,TSF_Dilation,ProximalPhalanxOutlineCorrect,0.31615,173.57136,27.73033,235200,1.0,1.0,49,200
21,TSF_Dilation,ProximalPhalanxTW,0.78537,122.25922,24.92353,235200,1.0,1.0,49,200
22,TSF_Dilation,SyntheticControl,0.91333,79.16646,23.07844,205800,1.0,1.0,49,200
23,TSF_Dilation,TwoLeadECG,0.51536,26.37789,55.41293,264600,1.0,1.0,49,200
24,TSF_Dilation,Wine,0.5,62.67596,42.1026,441000,1.0,1.0,49,200
