,Classifier,Dataset,Accuracy,Fit-Time,Predict-Time,total_feature_count,num_of_random_dilations_per_win_size,win_lengths,norm_options,word_lengths,alphabet_size,feature_selection,max_feature_count
0,CBOSS,ArrowHead,0.86286,10.15199,10.09358,NULL,NULL,NULL,"[True, False]","[16, 14, 12, 10, 8]",4,none,256
1,CBOSS,Beef,0.76667,8.63802,2.69352,NULL,NULL,NULL,"[True, False]","[16, 14, 12, 10, 8]",4,none,256
2,CBOSS,BeetleFly,0.95,12.39313,1.81136,NULL,NULL,NULL,"[True, False]","[16, 14, 12, 10, 8]",4,none,256
3,CBOSS,BirdChicken,0.95,9.63214,2.10624,NULL,NULL,NULL,"[True, False]","[16, 14, 12, 10, 8]",4,none,256
4,CBOSS,Car,0.85,41.93152,3.69865,NULL,NULL,NULL,"[True, False]","[16, 14, 12, 10, 8]",4,none,256
5,CBOSS,CBF,0.99889,4.53525,42.25626,NULL,NULL,NULL,"[True, False]","[16, 14, 12, 10, 8]",4,none,256
6,CBOSS,Coffee,1.0,4.98206,2.46408,NULL,NULL,NULL,"[True, False]","[16, 14, 12, 10, 8]",4,none,256
7,CBOSS,DiatomSizeReduction,0.85948,4.64427,19.34463,NULL,NULL,NULL,"[True, False]","[16, 14, 12, 10, 8]",4,none,256
8,CBOSS,DistalPhalanxOutlineAgeGroup,0.76978,12.57335,9.1213,NULL,NULL,NULL,"[True, False]","[16, 14, 12, 10, 8]",4,none,256
9,CBOSS,DistalPhalanxOutlineCorrect,0.73188,18.11385,16.74493,NULL,NULL,NULL,"[True, False]","[16, 14, 12, 10, 8]",4,none,256
10,CBOSS,DistalPhalanxTW,0.67626,10.82076,8.78604,NULL,NULL,NULL,"[True, False]","[16, 14, 12, 10, 8]",4,none,256
11,CBOSS,ECG200,0.84,5.71808,6.34096,NULL,NULL,NULL,"[True, False]","[16, 14, 12, 10, 8]",4,none,256
12,CBOSS,ECGFiveDays,1.0,4.40816,39.12489,NULL,NULL,NULL,"[True, False]","[16, 14, 12, 10, 8]",4,none,256
13,CBOSS,ItalyPowerDemand,0.92128,1.73785,42.35773,NULL,NULL,NULL,"[True, False]","[16, 14, 12, 10, 8]",4,none,256
14,CBOSS,MiddlePhalanxOutlineAgeGroup,0.59091,11.18412,8.32385,NULL,NULL,NULL,"[True, False]","[16, 14, 12, 10, 8]",4,none,256
15,CBOSS,MiddlePhalanxOutlineCorrect,0.76976,18.11097,18.06837,NULL,NULL,NULL,"[True, False]","[16, 14, 12, 10, 8]",4,none,256
16,CBOSS,MiddlePhalanxTW,0.55195,12.29003,9.61305,NULL,NULL,NULL,"[True, False]","[16, 14, 12, 10, 8]",4,none,256
17,CBOSS,OliveOil,0.86667,10.17764,2.74153,NULL,NULL,NULL,"[True, False]","[16, 14, 12, 10, 8]",4,none,256
18,CBOSS,Plane,1.0,9.88585,5.95976,NULL,NULL,NULL,"[True, False]","[16, 14, 12, 10, 8]",4,none,256
19,CBOSS,ProximalPhalanxOutlineAgeGroup,0.85854,11.04836,11.76703,NULL,NULL,NULL,"[True, False]","[16, 14, 12, 10, 8]",4,none,256
20,CBOSS,ProximalPhalanxOutlineCorrect,0.85223,16.59207,18.7804,NULL,NULL,NULL,"[True, False]","[16, 14, 12, 10, 8]",4,none,256
21,CBOSS,ProximalPhalanxTW,0.80488,12.15872,10.4914,NULL,NULL,NULL,"[True, False]","[16, 14, 12, 10, 8]",4,none,256
22,CBOSS,SyntheticControl,0.94667,7.42415,14.03351,NULL,NULL,NULL,"[True, False]","[16, 14, 12, 10, 8]",4,none,256
23,CBOSS,TwoLeadECG,0.99385,2.76259,48.89828,NULL,NULL,NULL,"[True, False]","[16, 14, 12, 10, 8]",4,none,256
24,CBOSS,Wine,0.77778,11.48689,4.31122,NULL,NULL,NULL,"[True, False]","[16, 14, 12, 10, 8]",4,none,256
0,CBOSS_Dilation,ArrowHead,0.82857,14.58716,9.71211,17,1,[0],"[True, False]","[16, 14, 12, 10, 8]",4,chi2,256
1,CBOSS_Dilation,Beef,0.73333,15.77359,2.23508,158,1,[0],"[True, False]","[16, 14, 12, 10, 8]",4,chi2,256
2,CBOSS_Dilation,BeetleFly,0.95,21.51836,1.32411,124,1,[0],"[True, False]","[16, 14, 12, 10, 8]",4,chi2,256
3,CBOSS_Dilation,BirdChicken,0.95,27.65297,1.62783,67,1,[0],"[True, False]","[16, 14, 12, 10, 8]",4,chi2,256
4,CBOSS_Dilation,Car,0.83333,43.45606,3.42135,385,1,[0],"[True, False]","[16, 14, 12, 10, 8]",4,chi2,256
5,CBOSS_Dilation,CBF,0.99,7.18128,38.54306,0,1,[0],"[True, False]","[16, 14, 12, 10, 8]",4,chi2,256
6,CBOSS_Dilation,Coffee,1.0,12.96358,1.95046,11,1,[0],"[True, False]","[16, 14, 12, 10, 8]",4,chi2,256
7,CBOSS_Dilation,DiatomSizeReduction,0.85948,7.67552,17.18761,128,1,[0],"[True, False]","[16, 14, 12, 10, 8]",4,chi2,256
8,CBOSS_Dilation,DistalPhalanxOutlineAgeGroup,0.74101,13.8454,6.67972,53,1,[0],"[True, False]","[16, 14, 12, 10, 8]",4,chi2,256
9,CBOSS_Dilation,DistalPhalanxOutlineCorrect,0.71739,32.35458,12.34905,2,1,[0],"[True, False]","[16, 14, 12, 10, 8]",4,chi2,256
10,CBOSS_Dilation,DistalPhalanxTW,0.71223,18.5746,8.33212,132,1,[0],"[True, False]","[16, 14, 12, 10, 8]",4,chi2,256
11,CBOSS_Dilation,ECG200,0.82,10.6231,5.18551,62,1,[0],"[True, False]","[16, 14, 12, 10, 8]",4,chi2,256
12,CBOSS_Dilation,ECGFiveDays,0.98142,9.43688,39.46573,1,1,[0],"[True, False]","[16, 14, 12, 10, 8]",4,chi2,256
13,CBOSS_Dilation,ItalyPowerDemand,0.80175,3.2349,31.22399,3,1,[0],"[True, False]","[16, 14, 12, 10, 8]",4,chi2,256
14,CBOSS_Dilation,MiddlePhalanxOutlineAgeGroup,0.6039,14.99865,8.63994,245,1,[0],"[True, False]","[16, 14, 12, 10, 8]",4,chi2,256
15,CBOSS_Dilation,MiddlePhalanxOutlineCorrect,0.79038,26.88732,15.03559,86,1,[0],"[True, False]","[16, 14, 12, 10, 8]",4,chi2,256
16,CBOSS_Dilation,MiddlePhalanxTW,0.55844,14.9307,9.43575,129,1,[0],"[True, False]","[16, 14, 12, 10, 8]",4,chi2,256
17,CBOSS_Dilation,OliveOil,0.86667,16.86476,1.85871,38,1,[0],"[True, False]","[16, 14, 12, 10, 8]",4,chi2,256
18,CBOSS_Dilation,Plane,1.0,14.7842,6.49358,1173,1,[0],"[True, False]","[16, 14, 12, 10, 8]",4,chi2,256
19,CBOSS_Dilation,ProximalPhalanxOutlineAgeGroup,0.8439,15.17739,12.15136,673,1,[0],"[True, False]","[16, 14, 12, 10, 8]",4,chi2,256
20,CBOSS_Dilation,ProximalPhalanxOutlineCorrect,0.88316,22.39085,16.63214,371,1,[0],"[True, False]","[16, 14, 12, 10, 8]",4,chi2,256
21,CBOSS_Dilation,ProximalPhalanxTW,0.81951,15.79087,11.97729,1000,1,[0],"[True, False]","[16, 14, 12, 10, 8]",4,chi2,256
22,CBOSS_Dilation,SyntheticControl,0.82667,9.86653,13.22552,2,1,[0],"[True, False]","[16, 14, 12, 10, 8]",4,chi2,256
23,CBOSS_Dilation,TwoLeadECG,0.98068,5.27493,48.60038,11,1,[0],"[True, False]","[16, 14, 12, 10, 8]",4,chi2,256
24,CBOSS_Dilation,Wine,0.83333,15.57475,2.78426,17,1,[0],"[True, False]","[16, 14, 12, 10, 8]",4,chi2,256
0,CBOSS_Dilation,ArrowHead,0.84571,19.50318,11.04553,255,5,[0],"[True, False]","[16, 14, 12, 10, 8]",4,chi2,256
1,CBOSS_Dilation,Beef,0.7,26.15102,1.97538,705,5,[0],"[True, False]","[16, 14, 12, 10, 8]",4,chi2,256
2,CBOSS_Dilation,BeetleFly,0.95,28.31587,1.58247,435,5,[0],"[True, False]","[16, 14, 12, 10, 8]",4,chi2,256
3,CBOSS_Dilation,BirdChicken,0.9,28.9748,1.72127,545,5,[0],"[True, False]","[16, 14, 12, 10, 8]",4,chi2,256
4,CBOSS_Dilation,Car,0.8,41.27095,3.38492,5490,5,[0],"[True, False]","[16, 14, 12, 10, 8]",4,chi2,256
5,CBOSS_Dilation,CBF,0.99333,16.77388,46.27263,365,5,[0],"[True, False]","[16, 14, 12, 10, 8]",4,chi2,256
6,CBOSS_Dilation,Coffee,0.92857,13.19329,2.1619,385,5,[0],"[True, False]","[16, 14, 12, 10, 8]",4,chi2,256
7,CBOSS_Dilation,DiatomSizeReduction,0.87255,13.11527,17.48071,305,5,[0],"[True, False]","[16, 14, 12, 10, 8]",4,chi2,256
8,CBOSS_Dilation,DistalPhalanxOutlineAgeGroup,0.72662,66.52256,6.92942,3640,5,[0],"[True, False]","[16, 14, 12, 10, 8]",4,chi2,256
9,CBOSS_Dilation,DistalPhalanxOutlineCorrect,0.7029,145.53591,12.31641,1300,5,[0],"[True, False]","[16, 14, 12, 10, 8]",4,chi2,256
10,CBOSS_Dilation,DistalPhalanxTW,0.66187,71.2879,6.45566,8040,5,[0],"[True, False]","[16, 14, 12, 10, 8]",4,chi2,256
11,CBOSS_Dilation,ECG200,0.8,46.01492,6.00341,75,5,[0],"[True, False]","[16, 14, 12, 10, 8]",4,chi2,256
12,CBOSS_Dilation,ECGFiveDays,0.99303,15.19864,40.1331,160,5,[0],"[True, False]","[16, 14, 12, 10, 8]",4,chi2,256
13,CBOSS_Dilation,ItalyPowerDemand,0.8552,8.1047,43.24283,0,5,[0],"[True, False]","[16, 14, 12, 10, 8]",4,chi2,256
14,CBOSS_Dilation,MiddlePhalanxOutlineAgeGroup,0.61039,60.09042,8.34789,625,5,[0],"[True, False]","[16, 14, 12, 10, 8]",4,chi2,256
15,CBOSS_Dilation,MiddlePhalanxOutlineCorrect,0.79725,111.52678,13.21108,170,5,[0],"[True, False]","[16, 14, 12, 10, 8]",4,chi2,256
16,CBOSS_Dilation,MiddlePhalanxTW,0.51299,67.55961,7.31442,755,5,[0],"[True, False]","[16, 14, 12, 10, 8]",4,chi2,256
17,CBOSS_Dilation,OliveOil,0.86667,11.07964,2.30912,120,5,[0],"[True, False]","[16, 14, 12, 10, 8]",4,chi2,256
18,CBOSS_Dilation,Plane,1.0,42.77265,6.67923,5000,5,[0],"[True, False]","[16, 14, 12, 10, 8]",4,chi2,256
19,CBOSS_Dilation,ProximalPhalanxOutlineAgeGroup,0.8439,56.53988,11.05577,850,5,[0],"[True, False]","[16, 14, 12, 10, 8]",4,chi2,256
20,CBOSS_Dilation,ProximalPhalanxOutlineCorrect,0.88316,101.91227,14.10142,235,5,[0],"[True, False]","[16, 14, 12, 10, 8]",4,chi2,256
21,CBOSS_Dilation,ProximalPhalanxTW,0.78537,66.74264,11.28962,3730,5,[0],"[True, False]","[16, 14, 12, 10, 8]",4,chi2,256
22,CBOSS_Dilation,SyntheticControl,0.78667,39.5203,13.43048,1555,5,[0],"[True, False]","[16, 14, 12, 10, 8]",4,chi2,256
23,CBOSS_Dilation,TwoLeadECG,0.79104,10.89318,51.03184,75,5,[0],"[True, False]","[16, 14, 12, 10, 8]",4,chi2,256
24,CBOSS_Dilation,Wine,0.81481,37.78417,3.61082,135,5,[0],"[True, False]","[16, 14, 12, 10, 8]",4,chi2,256
0,CBOSS_Dilation,ArrowHead,0.79429,16.07515,10.66681,954,9,[0],"[True, False]","[16, 14, 12, 10, 8]",4,chi2,256
1,CBOSS_Dilation,Beef,0.73333,26.53381,1.74816,207,9,[0],"[True, False]","[16, 14, 12, 10, 8]",4,chi2,256
2,CBOSS_Dilation,BeetleFly,0.7,18.27109,1.33831,495,9,[0],"[True, False]","[16, 14, 12, 10, 8]",4,chi2,256
3,CBOSS_Dilation,BirdChicken,0.9,34.88472,1.54183,468,9,[0],"[True, False]","[16, 14, 12, 10, 8]",4,chi2,256
4,CBOSS_Dilation,Car,0.8,42.12019,3.26105,3258,9,[0],"[True, False]","[16, 14, 12, 10, 8]",4,chi2,256
5,CBOSS_Dilation,CBF,0.96333,15.29073,37.78987,1008,9,[0],"[True, False]","[16, 14, 12, 10, 8]",4,chi2,256
6,CBOSS_Dilation,Coffee,0.96429,11.84972,1.91358,225,9,[0],"[True, False]","[16, 14, 12, 10, 8]",4,chi2,256
7,CBOSS_Dilation,DiatomSizeReduction,0.86275,5.17657,18.68923,918,9,[0],"[True, False]","[16, 14, 12, 10, 8]",4,chi2,256
8,CBOSS_Dilation,DistalPhalanxOutlineAgeGroup,0.73381,107.09613,6.68672,2097,9,[0],"[True, False]","[16, 14, 12, 10, 8]",4,chi2,256
9,CBOSS_Dilation,DistalPhalanxOutlineCorrect,0.71739,213.07137,12.16307,2205,9,[0],"[True, False]","[16, 14, 12, 10, 8]",4,chi2,256
10,CBOSS_Dilation,DistalPhalanxTW,0.65468,98.35427,7.4544,12582,9,[0],"[True, False]","[16, 14, 12, 10, 8]",4,chi2,256
11,CBOSS_Dilation,ECG200,0.8,18.16883,4.26753,621,9,[0],"[True, False]","[16, 14, 12, 10, 8]",4,chi2,256
12,CBOSS_Dilation,ECGFiveDays,0.99187,11.08106,46.45981,162,9,[0],"[True, False]","[16, 14, 12, 10, 8]",4,chi2,256
13,CBOSS_Dilation,ItalyPowerDemand,0.85909,7.23517,34.20085,0,9,[0],"[True, False]","[16, 14, 12, 10, 8]",4,chi2,256
14,CBOSS_Dilation,MiddlePhalanxOutlineAgeGroup,0.51299,54.60396,9.22812,4509,9,[0],"[True, False]","[16, 14, 12, 10, 8]",4,chi2,256
15,CBOSS_Dilation,MiddlePhalanxOutlineCorrect,0.76289,200.43999,14.2604,981,9,[0],"[True, False]","[16, 14, 12, 10, 8]",4,chi2,256
16,CBOSS_Dilation,MiddlePhalanxTW,0.53247,89.642,7.62377,8937,9,[0],"[True, False]","[16, 14, 12, 10, 8]",4,chi2,256
17,CBOSS_Dilation,OliveOil,0.83333,20.97208,2.15319,369,9,[0],"[True, False]","[16, 14, 12, 10, 8]",4,chi2,256
18,CBOSS_Dilation,Plane,1.0,52.1112,6.45883,6498,9,[0],"[True, False]","[16, 14, 12, 10, 8]",4,chi2,256
19,CBOSS_Dilation,ProximalPhalanxOutlineAgeGroup,0.83902,108.8143,9.51642,4077,9,[0],"[True, False]","[16, 14, 12, 10, 8]",4,chi2,256
20,CBOSS_Dilation,ProximalPhalanxOutlineCorrect,0.87285,170.46276,14.4486,2916,9,[0],"[True, False]","[16, 14, 12, 10, 8]",4,chi2,256
21,CBOSS_Dilation,ProximalPhalanxTW,0.79512,103.51663,10.02308,9657,9,[0],"[True, False]","[16, 14, 12, 10, 8]",4,chi2,256
22,CBOSS_Dilation,SyntheticControl,0.78,62.07622,11.98421,0,9,[0],"[True, False]","[16, 14, 12, 10, 8]",4,chi2,256
23,CBOSS_Dilation,TwoLeadECG,0.92625,11.61074,56.19372,108,9,[0],"[True, False]","[16, 14, 12, 10, 8]",4,chi2,256
24,CBOSS_Dilation,Wine,0.85185,36.9319,2.89642,207,9,[0],"[True, False]","[16, 14, 12, 10, 8]",4,chi2,256
0,CBOSS_Dilation,ArrowHead,0.78286,5.24124,8.20499,1885,13,[0],"[True, False]","[16, 14, 12, 10, 8]",4,chi2,256
1,CBOSS_Dilation,Beef,0.7,27.29805,1.63161,572,13,[0],"[True, False]","[16, 14, 12, 10, 8]",4,chi2,256
2,CBOSS_Dilation,BeetleFly,0.65,16.78985,0.92523,1092,13,[0],"[True, False]","[16, 14, 12, 10, 8]",4,chi2,256
3,CBOSS_Dilation,BirdChicken,0.85,12.97966,1.43931,975,13,[0],"[True, False]","[16, 14, 12, 10, 8]",4,chi2,256
4,CBOSS_Dilation,Car,0.78333,28.756,3.19937,6240,13,[0],"[True, False]","[16, 14, 12, 10, 8]",4,chi2,256
5,CBOSS_Dilation,CBF,0.97333,26.56348,36.89204,884,13,[0],"[True, False]","[16, 14, 12, 10, 8]",4,chi2,256
6,CBOSS_Dilation,Coffee,1.0,9.79732,1.41844,650,13,[0],"[True, False]","[16, 14, 12, 10, 8]",4,chi2,256
7,CBOSS_Dilation,DiatomSizeReduction,0.88235,3.54308,13.85721,1729,13,[0],"[True, False]","[16, 14, 12, 10, 8]",4,chi2,256
8,CBOSS_Dilation,DistalPhalanxOutlineAgeGroup,0.69065,133.59709,6.36995,1482,13,[0],"[True, False]","[16, 14, 12, 10, 8]",4,chi2,256
9,CBOSS_Dilation,DistalPhalanxOutlineCorrect,0.72464,147.3264,13.49197,6188,13,[0],"[True, False]","[16, 14, 12, 10, 8]",4,chi2,256
10,CBOSS_Dilation,DistalPhalanxTW,0.58273,74.09046,6.71221,5187,13,[0],"[True, False]","[16, 14, 12, 10, 8]",4,chi2,256
11,CBOSS_Dilation,ECG200,0.78,36.49254,4.04688,286,13,[0],"[True, False]","[16, 14, 12, 10, 8]",4,chi2,256
12,CBOSS_Dilation,ECGFiveDays,0.9547,13.63661,37.06185,351,13,[0],"[True, False]","[16, 14, 12, 10, 8]",4,chi2,256
13,CBOSS_Dilation,ItalyPowerDemand,0.8173,14.9608,36.67106,130,13,[0],"[True, False]","[16, 14, 12, 10, 8]",4,chi2,256
14,CBOSS_Dilation,MiddlePhalanxOutlineAgeGroup,0.55844,42.31328,7.54379,4602,13,[0],"[True, False]","[16, 14, 12, 10, 8]",4,chi2,256
15,CBOSS_Dilation,MiddlePhalanxOutlineCorrect,0.78007,162.91814,12.89008,2080,13,[0],"[True, False]","[16, 14, 12, 10, 8]",4,chi2,256
16,CBOSS_Dilation,MiddlePhalanxTW,0.48052,50.08099,8.69068,6123,13,[0],"[True, False]","[16, 14, 12, 10, 8]",4,chi2,256
17,CBOSS_Dilation,OliveOil,0.86667,26.26211,1.92115,598,13,[0],"[True, False]","[16, 14, 12, 10, 8]",4,chi2,256
18,CBOSS_Dilation,Plane,1.0,28.38467,5.15775,11791,13,[0],"[True, False]","[16, 14, 12, 10, 8]",4,chi2,256
19,CBOSS_Dilation,ProximalPhalanxOutlineAgeGroup,0.82439,128.06749,9.80002,4693,13,[0],"[True, False]","[16, 14, 12, 10, 8]",4,chi2,256
20,CBOSS_Dilation,ProximalPhalanxOutlineCorrect,0.8488,151.01337,13.31375,1001,13,[0],"[True, False]","[16, 14, 12, 10, 8]",4,chi2,256
21,CBOSS_Dilation,ProximalPhalanxTW,0.8,117.18019,10.38684,4472,13,[0],"[True, False]","[16, 14, 12, 10, 8]",4,chi2,256
22,CBOSS_Dilation,SyntheticControl,0.72,39.00834,11.71526,1482,13,[0],"[True, False]","[16, 14, 12, 10, 8]",4,chi2,256
23,CBOSS_Dilation,TwoLeadECG,0.93503,8.54126,50.22821,130,13,[0],"[True, False]","[16, 14, 12, 10, 8]",4,chi2,256
24,CBOSS_Dilation,Wine,0.83333,24.2983,2.87982,130,13,[0],"[True, False]","[16, 14, 12, 10, 8]",4,chi2,256
0,CBOSS_Dilation,ArrowHead,0.76571,7.86575,7.69435,1904,17,[0],"[True, False]","[16, 14, 12, 10, 8]",4,chi2,256
1,CBOSS_Dilation,Beef,0.56667,5.12367,1.61331,1513,17,[0],"[True, False]","[16, 14, 12, 10, 8]",4,chi2,256
2,CBOSS_Dilation,BeetleFly,0.8,23.9091,0.98121,238,17,[0],"[True, False]","[16, 14, 12, 10, 8]",4,chi2,256
3,CBOSS_Dilation,BirdChicken,0.75,14.63771,0.99948,4811,17,[0],"[True, False]","[16, 14, 12, 10, 8]",4,chi2,256
4,CBOSS_Dilation,Car,0.8,36.31011,3.2087,25024,17,[0],"[True, False]","[16, 14, 12, 10, 8]",4,chi2,256
5,CBOSS_Dilation,CBF,0.98111,19.91439,36.9774,969,17,[0],"[True, False]","[16, 14, 12, 10, 8]",4,chi2,256
6,CBOSS_Dilation,Coffee,0.96429,11.80612,1.39149,680,17,[0],"[True, False]","[16, 14, 12, 10, 8]",4,chi2,256
7,CBOSS_Dilation,DiatomSizeReduction,0.92157,3.8663,13.87255,1207,17,[0],"[True, False]","[16, 14, 12, 10, 8]",4,chi2,256
8,CBOSS_Dilation,DistalPhalanxOutlineAgeGroup,0.70504,197.54662,7.25772,4641,17,[0],"[True, False]","[16, 14, 12, 10, 8]",4,chi2,256
9,CBOSS_Dilation,DistalPhalanxOutlineCorrect,0.65217,149.44207,12.27707,1700,17,[0],"[True, False]","[16, 14, 12, 10, 8]",4,chi2,256
10,CBOSS_Dilation,DistalPhalanxTW,0.64748,75.67997,6.79675,14773,17,[0],"[True, False]","[16, 14, 12, 10, 8]",4,chi2,256
11,CBOSS_Dilation,ECG200,0.76,15.65229,4.3816,646,17,[0],"[True, False]","[16, 14, 12, 10, 8]",4,chi2,256
12,CBOSS_Dilation,ECGFiveDays,0.96167,16.08476,38.2141,476,17,[0],"[True, False]","[16, 14, 12, 10, 8]",4,chi2,256
13,CBOSS_Dilation,ItalyPowerDemand,0.83673,19.47204,37.90987,34,17,[0],"[True, False]","[16, 14, 12, 10, 8]",4,chi2,256
14,CBOSS_Dilation,MiddlePhalanxOutlineAgeGroup,0.57143,185.36208,6.9955,6613,17,[0],"[True, False]","[16, 14, 12, 10, 8]",4,chi2,256
15,CBOSS_Dilation,MiddlePhalanxOutlineCorrect,0.7457,78.1884,15.15657,1309,17,[0],"[True, False]","[16, 14, 12, 10, 8]",4,chi2,256
16,CBOSS_Dilation,MiddlePhalanxTW,0.49351,132.1888,7.92013,15215,17,[0],"[True, False]","[16, 14, 12, 10, 8]",4,chi2,256
17,CBOSS_Dilation,OliveOil,0.9,12.71817,1.823,204,17,[0],"[True, False]","[16, 14, 12, 10, 8]",4,chi2,256
18,CBOSS_Dilation,Plane,0.99048,15.50269,5.51644,19125,17,[0],"[True, False]","[16, 14, 12, 10, 8]",4,chi2,256
19,CBOSS_Dilation,ProximalPhalanxOutlineAgeGroup,0.83902,165.08865,10.03957,2533,17,[0],"[True, False]","[16, 14, 12, 10, 8]",4,chi2,256
20,CBOSS_Dilation,ProximalPhalanxOutlineCorrect,0.86942,61.93894,15.05958,5389,17,[0],"[True, False]","[16, 14, 12, 10, 8]",4,chi2,256
21,CBOSS_Dilation,ProximalPhalanxTW,0.75122,73.86313,10.67635,8687,17,[0],"[True, False]","[16, 14, 12, 10, 8]",4,chi2,256
22,CBOSS_Dilation,SyntheticControl,0.68,75.58381,11.39722,5831,17,[0],"[True, False]","[16, 14, 12, 10, 8]",4,chi2,256
23,CBOSS_Dilation,TwoLeadECG,0.94908,11.16389,49.37864,170,17,[0],"[True, False]","[16, 14, 12, 10, 8]",4,chi2,256
24,CBOSS_Dilation,Wine,0.74074,25.42596,3.70263,612,17,[0],"[True, False]","[16, 14, 12, 10, 8]",4,chi2,256
0,CBOSS_Dilation,ArrowHead,0.74857,6.98766,7.25941,7371,21,[0],"[True, False]","[16, 14, 12, 10, 8]",4,chi2,256
1,CBOSS_Dilation,Beef,0.56667,7.36577,1.63767,8274,21,[0],"[True, False]","[16, 14, 12, 10, 8]",4,chi2,256
2,CBOSS_Dilation,BeetleFly,0.7,28.0615,1.08512,945,21,[0],"[True, False]","[16, 14, 12, 10, 8]",4,chi2,256
3,CBOSS_Dilation,BirdChicken,0.85,16.7046,1.16988,3150,21,[0],"[True, False]","[16, 14, 12, 10, 8]",4,chi2,256
4,CBOSS_Dilation,Car,0.78333,30.55005,3.25921,7539,21,[0],"[True, False]","[16, 14, 12, 10, 8]",4,chi2,256
5,CBOSS_Dilation,CBF,0.87111,7.72868,35.81369,609,21,[0],"[True, False]","[16, 14, 12, 10, 8]",4,chi2,256
6,CBOSS_Dilation,Coffee,0.92857,8.67355,1.32469,1302,21,[0],"[True, False]","[16, 14, 12, 10, 8]",4,chi2,256
7,CBOSS_Dilation,DiatomSizeReduction,0.69608,2.90254,14.14568,693,21,[0],"[True, False]","[16, 14, 12, 10, 8]",4,chi2,256
8,CBOSS_Dilation,DistalPhalanxOutlineAgeGroup,0.70504,37.72364,6.7641,2163,21,[0],"[True, False]","[16, 14, 12, 10, 8]",4,chi2,256
9,CBOSS_Dilation,DistalPhalanxOutlineCorrect,0.68116,274.56289,12.6598,5439,21,[0],"[True, False]","[16, 14, 12, 10, 8]",4,chi2,256
10,CBOSS_Dilation,DistalPhalanxTW,0.6259,134.65264,6.82236,9492,21,[0],"[True, False]","[16, 14, 12, 10, 8]",4,chi2,256
11,CBOSS_Dilation,ECG200,0.8,12.89,5.85981,1071,21,[0],"[True, False]","[16, 14, 12, 10, 8]",4,chi2,256
12,CBOSS_Dilation,ECGFiveDays,0.96748,17.07544,39.36959,441,21,[0],"[True, False]","[16, 14, 12, 10, 8]",4,chi2,256
13,CBOSS_Dilation,ItalyPowerDemand,0.49854,23.33945,34.44124,0,21,[0],"[True, False]","[16, 14, 12, 10, 8]",4,chi2,256
14,CBOSS_Dilation,MiddlePhalanxOutlineAgeGroup,0.61039,215.89238,6.89353,3801,21,[0],"[True, False]","[16, 14, 12, 10, 8]",4,chi2,256
15,CBOSS_Dilation,MiddlePhalanxOutlineCorrect,0.76632,138.89139,17.36848,2877,21,[0],"[True, False]","[16, 14, 12, 10, 8]",4,chi2,256
16,CBOSS_Dilation,MiddlePhalanxTW,0.51299,35.02062,9.98088,17871,21,[0],"[True, False]","[16, 14, 12, 10, 8]",4,chi2,256
17,CBOSS_Dilation,OliveOil,0.8,13.4201,2.40381,609,21,[0],"[True, False]","[16, 14, 12, 10, 8]",4,chi2,256
18,CBOSS_Dilation,Plane,0.98095,61.20346,6.48503,21819,21,[0],"[True, False]","[16, 14, 12, 10, 8]",4,chi2,256
19,CBOSS_Dilation,ProximalPhalanxOutlineAgeGroup,0.84878,220.16058,10.05223,5334,21,[0],"[True, False]","[16, 14, 12, 10, 8]",4,chi2,256
20,CBOSS_Dilation,ProximalPhalanxOutlineCorrect,0.86942,150.29987,13.79092,4032,21,[0],"[True, False]","[16, 14, 12, 10, 8]",4,chi2,256
21,CBOSS_Dilation,ProximalPhalanxTW,0.75122,50.9094,12.34688,7539,21,[0],"[True, False]","[16, 14, 12, 10, 8]",4,chi2,256
22,CBOSS_Dilation,SyntheticControl,0.81667,54.07745,13.19107,9618,21,[0],"[True, False]","[16, 14, 12, 10, 8]",4,chi2,256
23,CBOSS_Dilation,TwoLeadECG,0.75241,21.56157,45.65193,126,21,[0],"[True, False]","[16, 14, 12, 10, 8]",4,chi2,256
24,CBOSS_Dilation,Wine,0.7037,14.4086,2.95448,441,21,[0],"[True, False]","[16, 14, 12, 10, 8]",4,chi2,256
0,CBOSS_Dilation,ArrowHead,0.76571,9.45961,8.2089,900,25,[0],"[True, False]","[16, 14, 12, 10, 8]",4,chi2,256
1,CBOSS_Dilation,Beef,0.63333,16.80088,1.69326,3975,25,[0],"[True, False]","[16, 14, 12, 10, 8]",4,chi2,256
2,CBOSS_Dilation,BeetleFly,1.0,69.82071,1.22011,11400,25,[0],"[True, False]","[16, 14, 12, 10, 8]",4,chi2,256
3,CBOSS_Dilation,BirdChicken,0.75,23.32504,1.50503,9925,25,[0],"[True, False]","[16, 14, 12, 10, 8]",4,chi2,256
4,CBOSS_Dilation,Car,0.68333,26.8065,3.5592,6400,25,[0],"[True, False]","[16, 14, 12, 10, 8]",4,chi2,256
5,CBOSS_Dilation,CBF,0.63444,10.2273,43.40326,375,25,[0],"[True, False]","[16, 14, 12, 10, 8]",4,chi2,256
6,CBOSS_Dilation,Coffee,1.0,10.50745,2.21741,1250,25,[0],"[True, False]","[16, 14, 12, 10, 8]",4,chi2,256
7,CBOSS_Dilation,DiatomSizeReduction,0.80065,9.91543,17.41958,5225,25,[0],"[True, False]","[16, 14, 12, 10, 8]",4,chi2,256
8,CBOSS_Dilation,DistalPhalanxOutlineAgeGroup,0.64748,98.34578,6.99903,3525,25,[0],"[True, False]","[16, 14, 12, 10, 8]",4,chi2,256
9,CBOSS_Dilation,DistalPhalanxOutlineCorrect,0.68478,63.70602,13.87709,6400,25,[0],"[True, False]","[16, 14, 12, 10, 8]",4,chi2,256
10,CBOSS_Dilation,DistalPhalanxTW,0.6259,235.74761,6.80836,34700,25,[0],"[True, False]","[16, 14, 12, 10, 8]",4,chi2,256
11,CBOSS_Dilation,ECG200,0.79,181.15665,4.38621,350,25,[0],"[True, False]","[16, 14, 12, 10, 8]",4,chi2,256
12,CBOSS_Dilation,ECGFiveDays,0.96864,8.25591,41.05906,500,25,[0],"[True, False]","[16, 14, 12, 10, 8]",4,chi2,256
13,CBOSS_Dilation,ItalyPowerDemand,0.83673,29.23115,43.52593,0,25,[0],"[True, False]","[16, 14, 12, 10, 8]",4,chi2,256
14,CBOSS_Dilation,MiddlePhalanxOutlineAgeGroup,0.52597,135.52411,7.34005,1450,25,[0],"[True, False]","[16, 14, 12, 10, 8]",4,chi2,256
15,CBOSS_Dilation,MiddlePhalanxOutlineCorrect,0.72165,138.88817,11.47899,1500,25,[0],"[True, False]","[16, 14, 12, 10, 8]",4,chi2,256
16,CBOSS_Dilation,MiddlePhalanxTW,0.48052,91.80465,7.9119,13425,25,[0],"[True, False]","[16, 14, 12, 10, 8]",4,chi2,256
17,CBOSS_Dilation,OliveOil,0.9,20.28407,1.96809,1000,25,[0],"[True, False]","[16, 14, 12, 10, 8]",4,chi2,256
18,CBOSS_Dilation,Plane,0.98095,67.7017,6.5933,31775,25,[0],"[True, False]","[16, 14, 12, 10, 8]",4,chi2,256
19,CBOSS_Dilation,ProximalPhalanxOutlineAgeGroup,0.81951,104.0285,10.20412,5350,25,[0],"[True, False]","[16, 14, 12, 10, 8]",4,chi2,256
20,CBOSS_Dilation,ProximalPhalanxOutlineCorrect,0.71821,92.75473,15.52253,3625,25,[0],"[True, False]","[16, 14, 12, 10, 8]",4,chi2,256
21,CBOSS_Dilation,ProximalPhalanxTW,0.72683,25.95605,10.23849,15625,25,[0],"[True, False]","[16, 14, 12, 10, 8]",4,chi2,256
22,CBOSS_Dilation,SyntheticControl,0.58333,37.63689,11.84279,4475,25,[0],"[True, False]","[16, 14, 12, 10, 8]",4,chi2,256
23,CBOSS_Dilation,TwoLeadECG,0.95786,9.70199,58.34627,325,25,[0],"[True, False]","[16, 14, 12, 10, 8]",4,chi2,256
24,CBOSS_Dilation,Wine,0.87037,15.09451,3.07702,750,25,[0],"[True, False]","[16, 14, 12, 10, 8]",4,chi2,256
0,CBOSS_Dilation,ArrowHead,0.78857,8.634,7.15086,4002,29,[0],"[True, False]","[16, 14, 12, 10, 8]",4,chi2,256
1,CBOSS_Dilation,Beef,0.63333,6.51738,1.65464,1305,29,[0],"[True, False]","[16, 14, 12, 10, 8]",4,chi2,256
2,CBOSS_Dilation,BeetleFly,0.9,102.67818,1.14076,8990,29,[0],"[True, False]","[16, 14, 12, 10, 8]",4,chi2,256
3,CBOSS_Dilation,BirdChicken,1.0,37.03195,1.38686,9309,29,[0],"[True, False]","[16, 14, 12, 10, 8]",4,chi2,256
4,CBOSS_Dilation,Car,0.71667,43.08438,3.33046,15602,29,[0],"[True, False]","[16, 14, 12, 10, 8]",4,chi2,256
5,CBOSS_Dilation,CBF,0.94667,10.37348,38.64566,406,29,[0],"[True, False]","[16, 14, 12, 10, 8]",4,chi2,256
6,CBOSS_Dilation,Coffee,0.92857,10.08934,2.12451,1450,29,[0],"[True, False]","[16, 14, 12, 10, 8]",4,chi2,256
7,CBOSS_Dilation,DiatomSizeReduction,0.87908,7.99565,15.00736,5829,29,[0],"[True, False]","[16, 14, 12, 10, 8]",4,chi2,256
8,CBOSS_Dilation,DistalPhalanxOutlineAgeGroup,0.64029,53.49425,7.08748,2117,29,[0],"[True, False]","[16, 14, 12, 10, 8]",4,chi2,256
9,CBOSS_Dilation,DistalPhalanxOutlineCorrect,0.65217,112.4724,13.00717,7772,29,[0],"[True, False]","[16, 14, 12, 10, 8]",4,chi2,256
10,CBOSS_Dilation,DistalPhalanxTW,0.66906,98.29526,7.32658,24041,29,[0],"[True, False]","[16, 14, 12, 10, 8]",4,chi2,256
11,CBOSS_Dilation,ECG200,0.69,20.10387,3.77797,928,29,[0],"[True, False]","[16, 14, 12, 10, 8]",4,chi2,256
12,CBOSS_Dilation,ECGFiveDays,0.98955,8.46092,41.06759,203,29,[0],"[True, False]","[16, 14, 12, 10, 8]",4,chi2,256
13,CBOSS_Dilation,ItalyPowerDemand,0.77357,28.23398,39.09373,261,29,[0],"[True, False]","[16, 14, 12, 10, 8]",4,chi2,256
14,CBOSS_Dilation,MiddlePhalanxOutlineAgeGroup,0.53247,51.15875,8.86865,12499,29,[0],"[True, False]","[16, 14, 12, 10, 8]",4,chi2,256
15,CBOSS_Dilation,MiddlePhalanxOutlineCorrect,0.80412,600.96884,13.53936,7453,29,[0],"[True, False]","[16, 14, 12, 10, 8]",4,chi2,256
16,CBOSS_Dilation,MiddlePhalanxTW,0.50649,64.60384,7.77816,9657,29,[0],"[True, False]","[16, 14, 12, 10, 8]",4,chi2,256
17,CBOSS_Dilation,OliveOil,0.86667,14.09105,2.6227,2291,29,[0],"[True, False]","[16, 14, 12, 10, 8]",4,chi2,256
18,CBOSS_Dilation,Plane,1.0,19.21249,5.42961,19836,29,[0],"[True, False]","[16, 14, 12, 10, 8]",4,chi2,256
19,CBOSS_Dilation,ProximalPhalanxOutlineAgeGroup,0.80976,65.64996,10.31128,6554,29,[0],"[True, False]","[16, 14, 12, 10, 8]",4,chi2,256
20,CBOSS_Dilation,ProximalPhalanxOutlineCorrect,0.84536,538.52403,13.48609,3770,29,[0],"[True, False]","[16, 14, 12, 10, 8]",4,chi2,256
21,CBOSS_Dilation,ProximalPhalanxTW,0.76098,44.5685,11.95463,17719,29,[0],"[True, False]","[16, 14, 12, 10, 8]",4,chi2,256
22,CBOSS_Dilation,SyntheticControl,0.69,116.39015,11.13066,4930,29,[0],"[True, False]","[16, 14, 12, 10, 8]",4,chi2,256
23,CBOSS_Dilation,TwoLeadECG,0.7252,10.33084,51.56188,377,29,[0],"[True, False]","[16, 14, 12, 10, 8]",4,chi2,256
24,CBOSS_Dilation,Wine,0.42593,11.90841,3.01983,348,29,[0],"[True, False]","[16, 14, 12, 10, 8]",4,chi2,256
0,CBOSS_Dilation,ArrowHead,0.70857,8.35086,6.57955,2178,33,[0],"[True, False]","[16, 14, 12, 10, 8]",4,chi2,256
1,CBOSS_Dilation,Beef,0.56667,7.49163,1.37749,2475,33,[0],"[True, False]","[16, 14, 12, 10, 8]",4,chi2,256
2,CBOSS_Dilation,BeetleFly,0.8,34.93189,1.13588,5940,33,[0],"[True, False]","[16, 14, 12, 10, 8]",4,chi2,256
3,CBOSS_Dilation,BirdChicken,0.9,75.01116,1.20259,4290,33,[0],"[True, False]","[16, 14, 12, 10, 8]",4,chi2,256
4,CBOSS_Dilation,Car,0.81667,38.17846,3.69185,44121,33,[0],"[True, False]","[16, 14, 12, 10, 8]",4,chi2,256
5,CBOSS_Dilation,CBF,0.97778,15.86919,38.11288,1023,33,[0],"[True, False]","[16, 14, 12, 10, 8]",4,chi2,256
6,CBOSS_Dilation,Coffee,0.89286,10.30717,1.77617,1617,33,[0],"[True, False]","[16, 14, 12, 10, 8]",4,chi2,256
7,CBOSS_Dilation,DiatomSizeReduction,0.87255,6.43161,14.9632,3267,33,[0],"[True, False]","[16, 14, 12, 10, 8]",4,chi2,256
8,CBOSS_Dilation,DistalPhalanxOutlineAgeGroup,0.70504,26.05249,6.48923,10329,33,[0],"[True, False]","[16, 14, 12, 10, 8]",4,chi2,256
9,CBOSS_Dilation,DistalPhalanxOutlineCorrect,0.63768,392.19896,11.55892,14058,33,[0],"[True, False]","[16, 14, 12, 10, 8]",4,chi2,256
10,CBOSS_Dilation,DistalPhalanxTW,0.61871,197.04114,6.84807,50622,33,[0],"[True, False]","[16, 14, 12, 10, 8]",4,chi2,256
11,CBOSS_Dilation,ECG200,0.36,11.49016,4.4968,561,33,[0],"[True, False]","[16, 14, 12, 10, 8]",4,chi2,256
12,CBOSS_Dilation,ECGFiveDays,0.97096,10.48884,45.20596,561,33,[0],"[True, False]","[16, 14, 12, 10, 8]",4,chi2,256
13,CBOSS_Dilation,ItalyPowerDemand,0.66472,11.19967,39.09196,231,33,[0],"[True, False]","[16, 14, 12, 10, 8]",4,chi2,256
14,CBOSS_Dilation,MiddlePhalanxOutlineAgeGroup,0.57143,186.39715,7.19898,8877,33,[0],"[True, False]","[16, 14, 12, 10, 8]",4,chi2,256
15,CBOSS_Dilation,MiddlePhalanxOutlineCorrect,0.6701,69.58468,15.36012,5907,33,[0],"[True, False]","[16, 14, 12, 10, 8]",4,chi2,256
16,CBOSS_Dilation,MiddlePhalanxTW,0.53896,102.6796,7.73885,35277,33,[0],"[True, False]","[16, 14, 12, 10, 8]",4,chi2,256
17,CBOSS_Dilation,OliveOil,0.86667,19.80957,2.56266,1848,33,[0],"[True, False]","[16, 14, 12, 10, 8]",4,chi2,256
18,CBOSS_Dilation,Plane,1.0,38.18708,5.51591,25740,33,[0],"[True, False]","[16, 14, 12, 10, 8]",4,chi2,256
19,CBOSS_Dilation,ProximalPhalanxOutlineAgeGroup,0.8439,71.39232,12.3293,12870,33,[0],"[True, False]","[16, 14, 12, 10, 8]",4,chi2,256
20,CBOSS_Dilation,ProximalPhalanxOutlineCorrect,0.76976,62.97836,11.65508,1584,33,[0],"[True, False]","[16, 14, 12, 10, 8]",4,chi2,256
21,CBOSS_Dilation,ProximalPhalanxTW,0.7561,59.11875,12.40953,20361,33,[0],"[True, False]","[16, 14, 12, 10, 8]",4,chi2,256
22,CBOSS_Dilation,SyntheticControl,0.75,23.59309,12.82862,14949,33,[0],"[True, False]","[16, 14, 12, 10, 8]",4,chi2,256
23,CBOSS_Dilation,TwoLeadECG,0.70588,12.62012,55.48411,1089,33,[0],"[True, False]","[16, 14, 12, 10, 8]",4,chi2,256
24,CBOSS_Dilation,Wine,0.77778,25.88337,3.82669,924,33,[0],"[True, False]","[16, 14, 12, 10, 8]",4,chi2,256
0,CBOSS_Dilation,ArrowHead,0.65143,5.40209,7.32656,2072,37,[0],"[True, False]","[16, 14, 12, 10, 8]",4,chi2,256
1,CBOSS_Dilation,Beef,0.6,7.58777,1.62585,3700,37,[0],"[True, False]","[16, 14, 12, 10, 8]",4,chi2,256
2,CBOSS_Dilation,BeetleFly,0.8,50.38993,1.00747,3034,37,[0],"[True, False]","[16, 14, 12, 10, 8]",4,chi2,256
3,CBOSS_Dilation,BirdChicken,0.9,17.0047,1.15101,17871,37,[0],"[True, False]","[16, 14, 12, 10, 8]",4,chi2,256
4,CBOSS_Dilation,Car,0.83333,19.29953,3.21266,14023,37,[0],"[True, False]","[16, 14, 12, 10, 8]",4,chi2,256
5,CBOSS_Dilation,CBF,0.75444,5.36414,34.47694,222,37,[0],"[True, False]","[16, 14, 12, 10, 8]",4,chi2,256
6,CBOSS_Dilation,Coffee,0.92857,8.84485,1.30685,2405,37,[0],"[True, False]","[16, 14, 12, 10, 8]",4,chi2,256
7,CBOSS_Dilation,DiatomSizeReduction,0.87908,15.28174,13.76357,1517,37,[0],"[True, False]","[16, 14, 12, 10, 8]",4,chi2,256
8,CBOSS_Dilation,DistalPhalanxOutlineAgeGroup,0.73381,38.66442,6.99327,12765,37,[0],"[True, False]","[16, 14, 12, 10, 8]",4,chi2,256
9,CBOSS_Dilation,DistalPhalanxOutlineCorrect,0.67029,372.14836,13.54138,15059,37,[0],"[True, False]","[16, 14, 12, 10, 8]",4,chi2,256
10,CBOSS_Dilation,DistalPhalanxTW,0.61871,83.05711,7.34769,22052,37,[0],"[True, False]","[16, 14, 12, 10, 8]",4,chi2,256
11,CBOSS_Dilation,ECG200,0.78,14.86571,5.55918,1924,37,[0],"[True, False]","[16, 14, 12, 10, 8]",4,chi2,256
12,CBOSS_Dilation,ECGFiveDays,0.92218,8.77819,42.11982,444,37,[0],"[True, False]","[16, 14, 12, 10, 8]",4,chi2,256
13,CBOSS_Dilation,ItalyPowerDemand,0.61808,42.42829,38.12678,222,37,[0],"[True, False]","[16, 14, 12, 10, 8]",4,chi2,256
14,CBOSS_Dilation,MiddlePhalanxOutlineAgeGroup,0.51948,91.17267,8.06789,7363,37,[0],"[True, False]","[16, 14, 12, 10, 8]",4,chi2,256
15,CBOSS_Dilation,MiddlePhalanxOutlineCorrect,0.74914,32.2183,17.42125,7474,37,[0],"[True, False]","[16, 14, 12, 10, 8]",4,chi2,256
16,CBOSS_Dilation,MiddlePhalanxTW,0.48052,272.33047,7.3974,40145,37,[0],"[True, False]","[16, 14, 12, 10, 8]",4,chi2,256
17,CBOSS_Dilation,OliveOil,0.86667,14.22584,2.27037,2701,37,[0],"[True, False]","[16, 14, 12, 10, 8]",4,chi2,256
18,CBOSS_Dilation,Plane,1.0,43.60138,5.32172,21756,37,[0],"[True, False]","[16, 14, 12, 10, 8]",4,chi2,256
19,CBOSS_Dilation,ProximalPhalanxOutlineAgeGroup,0.79512,37.87302,12.98311,16687,37,[0],"[True, False]","[16, 14, 12, 10, 8]",4,chi2,256
20,CBOSS_Dilation,ProximalPhalanxOutlineCorrect,0.84536,173.65227,14.81884,8880,37,[0],"[True, False]","[16, 14, 12, 10, 8]",4,chi2,256
21,CBOSS_Dilation,ProximalPhalanxTW,0.78049,44.62827,13.83836,19425,37,[0],"[True, False]","[16, 14, 12, 10, 8]",4,chi2,256
22,CBOSS_Dilation,SyntheticControl,0.89667,65.88771,12.23954,12395,37,[0],"[True, False]","[16, 14, 12, 10, 8]",4,chi2,256
23,CBOSS_Dilation,TwoLeadECG,0.95435,11.88684,47.97604,407,37,[0],"[True, False]","[16, 14, 12, 10, 8]",4,chi2,256
24,CBOSS_Dilation,Wine,0.57407,28.38978,2.89215,888,37,[0],"[True, False]","[16, 14, 12, 10, 8]",4,chi2,256
0,CBOSS_Dilation,ArrowHead,0.70857,5.51323,7.76956,12177,41,[0],"[True, False]","[16, 14, 12, 10, 8]",4,chi2,256
1,CBOSS_Dilation,Beef,0.5,9.21256,1.54539,8651,41,[0],"[True, False]","[16, 14, 12, 10, 8]",4,chi2,256
2,CBOSS_Dilation,BeetleFly,0.5,7.73721,1.00517,164,41,[0],"[True, False]","[16, 14, 12, 10, 8]",4,chi2,256
3,CBOSS_Dilation,BirdChicken,0.9,58.7714,1.48777,3116,41,[0],"[True, False]","[16, 14, 12, 10, 8]",4,chi2,256
4,CBOSS_Dilation,Car,0.58333,64.5772,3.4167,12792,41,[0],"[True, False]","[16, 14, 12, 10, 8]",4,chi2,256
5,CBOSS_Dilation,CBF,0.98556,8.70553,37.25112,738,41,[0],"[True, False]","[16, 14, 12, 10, 8]",4,chi2,256
6,CBOSS_Dilation,Coffee,0.96429,9.87251,1.39888,4182,41,[0],"[True, False]","[16, 14, 12, 10, 8]",4,chi2,256
7,CBOSS_Dilation,DiatomSizeReduction,0.77124,2.90737,14.1404,1312,41,[0],"[True, False]","[16, 14, 12, 10, 8]",4,chi2,256
8,CBOSS_Dilation,DistalPhalanxOutlineAgeGroup,0.69065,184.81148,6.82625,11234,41,[0],"[True, False]","[16, 14, 12, 10, 8]",4,chi2,256
9,CBOSS_Dilation,DistalPhalanxOutlineCorrect,0.68478,32.16038,14.987,9717,41,[0],"[True, False]","[16, 14, 12, 10, 8]",4,chi2,256
10,CBOSS_Dilation,DistalPhalanxTW,0.58273,382.94847,6.84135,32513,41,[0],"[True, False]","[16, 14, 12, 10, 8]",4,chi2,256
11,CBOSS_Dilation,ECG200,0.81,92.5869,4.73123,902,41,[0],"[True, False]","[16, 14, 12, 10, 8]",4,chi2,256
12,CBOSS_Dilation,ECGFiveDays,0.94541,13.31869,36.80288,574,41,[0],"[True, False]","[16, 14, 12, 10, 8]",4,chi2,256
13,CBOSS_Dilation,ItalyPowerDemand,0.49854,42.21754,37.88056,0,41,[0],"[True, False]","[16, 14, 12, 10, 8]",4,chi2,256
14,CBOSS_Dilation,MiddlePhalanxOutlineAgeGroup,0.51299,292.89085,7.52987,5166,41,[0],"[True, False]","[16, 14, 12, 10, 8]",4,chi2,256
15,CBOSS_Dilation,MiddlePhalanxOutlineCorrect,0.67698,224.44876,13.14953,3362,41,[0],"[True, False]","[16, 14, 12, 10, 8]",4,chi2,256
16,CBOSS_Dilation,MiddlePhalanxTW,0.5,44.0607,7.44405,32062,41,[0],"[True, False]","[16, 14, 12, 10, 8]",4,chi2,256
17,CBOSS_Dilation,OliveOil,0.7,9.7714,2.22259,656,41,[0],"[True, False]","[16, 14, 12, 10, 8]",4,chi2,256
18,CBOSS_Dilation,Plane,1.0,56.82379,6.70135,57605,41,[0],"[True, False]","[16, 14, 12, 10, 8]",4,chi2,256
19,CBOSS_Dilation,ProximalPhalanxOutlineAgeGroup,0.83415,15.93866,9.99963,3321,41,[0],"[True, False]","[16, 14, 12, 10, 8]",4,chi2,256
20,CBOSS_Dilation,ProximalPhalanxOutlineCorrect,0.79725,51.82986,15.31193,11890,41,[0],"[True, False]","[16, 14, 12, 10, 8]",4,chi2,256
21,CBOSS_Dilation,ProximalPhalanxTW,0.69268,105.06499,10.54327,20295,41,[0],"[True, False]","[16, 14, 12, 10, 8]",4,chi2,256
22,CBOSS_Dilation,SyntheticControl,0.77333,112.25968,15.07214,16728,41,[0],"[True, False]","[16, 14, 12, 10, 8]",4,chi2,256
23,CBOSS_Dilation,TwoLeadECG,0.96313,20.11531,52.08105,287,41,[0],"[True, False]","[16, 14, 12, 10, 8]",4,chi2,256
24,CBOSS_Dilation,Wine,0.75926,13.3775,2.8196,328,41,[0],"[True, False]","[16, 14, 12, 10, 8]",4,chi2,256
0,CBOSS_Dilation,ArrowHead,0.69143,3.42313,8.4133,5580,45,[0],"[True, False]","[16, 14, 12, 10, 8]",4,chi2,256
1,CBOSS_Dilation,Beef,0.46667,7.96243,1.65192,6615,45,[0],"[True, False]","[16, 14, 12, 10, 8]",4,chi2,256
2,CBOSS_Dilation,BeetleFly,0.8,13.85185,1.08053,5040,45,[0],"[True, False]","[16, 14, 12, 10, 8]",4,chi2,256
3,CBOSS_Dilation,BirdChicken,0.7,43.04664,1.07953,3510,45,[0],"[True, False]","[16, 14, 12, 10, 8]",4,chi2,256
4,CBOSS_Dilation,Car,0.68333,15.66365,3.02242,16245,45,[0],"[True, False]","[16, 14, 12, 10, 8]",4,chi2,256
5,CBOSS_Dilation,CBF,0.96,16.16793,41.20744,495,45,[0],"[True, False]","[16, 14, 12, 10, 8]",4,chi2,256
6,CBOSS_Dilation,Coffee,1.0,8.99761,1.80927,3150,45,[0],"[True, False]","[16, 14, 12, 10, 8]",4,chi2,256
7,CBOSS_Dilation,DiatomSizeReduction,0.89216,4.64624,16.0282,2835,45,[0],"[True, False]","[16, 14, 12, 10, 8]",4,chi2,256
8,CBOSS_Dilation,DistalPhalanxOutlineAgeGroup,0.65468,84.60288,6.6259,7740,45,[0],"[True, False]","[16, 14, 12, 10, 8]",4,chi2,256
9,CBOSS_Dilation,DistalPhalanxOutlineCorrect,0.66304,393.39878,12.14317,4995,45,[0],"[True, False]","[16, 14, 12, 10, 8]",4,chi2,256
10,CBOSS_Dilation,DistalPhalanxTW,0.60432,55.57564,8.22191,64170,45,[0],"[True, False]","[16, 14, 12, 10, 8]",4,chi2,256
11,CBOSS_Dilation,ECG200,0.83,161.14065,4.4651,2340,45,[0],"[True, False]","[16, 14, 12, 10, 8]",4,chi2,256
12,CBOSS_Dilation,ECGFiveDays,0.93496,6.95282,39.26947,2025,45,[0],"[True, False]","[16, 14, 12, 10, 8]",4,chi2,256
13,CBOSS_Dilation,ItalyPowerDemand,0.81341,24.65282,38.12822,450,45,[0],"[True, False]","[16, 14, 12, 10, 8]",4,chi2,256
14,CBOSS_Dilation,MiddlePhalanxOutlineAgeGroup,0.52597,324.06707,7.92299,10575,45,[0],"[True, False]","[16, 14, 12, 10, 8]",4,chi2,256
15,CBOSS_Dilation,MiddlePhalanxOutlineCorrect,0.7732,113.16838,13.62246,15165,45,[0],"[True, False]","[16, 14, 12, 10, 8]",4,chi2,256
16,CBOSS_Dilation,MiddlePhalanxTW,0.52597,134.42454,9.85143,44550,45,[0],"[True, False]","[16, 14, 12, 10, 8]",4,chi2,256
17,CBOSS_Dilation,OliveOil,0.8,19.1568,2.1323,3960,45,[0],"[True, False]","[16, 14, 12, 10, 8]",4,chi2,256
18,CBOSS_Dilation,Plane,1.0,63.96651,5.81947,14985,45,[0],"[True, False]","[16, 14, 12, 10, 8]",4,chi2,256
19,CBOSS_Dilation,ProximalPhalanxOutlineAgeGroup,0.82927,122.84589,11.16111,12645,45,[0],"[True, False]","[16, 14, 12, 10, 8]",4,chi2,256
20,CBOSS_Dilation,ProximalPhalanxOutlineCorrect,0.82131,121.88459,14.89503,11070,45,[0],"[True, False]","[16, 14, 12, 10, 8]",4,chi2,256
21,CBOSS_Dilation,ProximalPhalanxTW,0.76585,22.78111,12.90789,32580,45,[0],"[True, False]","[16, 14, 12, 10, 8]",4,chi2,256
22,CBOSS_Dilation,SyntheticControl,0.72667,80.50401,12.53796,11565,45,[0],"[True, False]","[16, 14, 12, 10, 8]",4,chi2,256
23,CBOSS_Dilation,TwoLeadECG,0.96313,9.64629,55.4985,720,45,[0],"[True, False]","[16, 14, 12, 10, 8]",4,chi2,256
24,CBOSS_Dilation,Wine,0.66667,13.70892,3.5413,405,45,[0],"[True, False]","[16, 14, 12, 10, 8]",4,chi2,256
0,CBOSS_Dilation,ArrowHead,0.72571,27.70981,7.87622,4998,49,[0],"[True, False]","[16, 14, 12, 10, 8]",4,chi2,256
1,CBOSS_Dilation,Beef,0.43333,6.88228,1.76787,24059,49,[0],"[True, False]","[16, 14, 12, 10, 8]",4,chi2,256
2,CBOSS_Dilation,BeetleFly,0.65,11.33943,1.00996,7203,49,[0],"[True, False]","[16, 14, 12, 10, 8]",4,chi2,256
3,CBOSS_Dilation,BirdChicken,0.8,40.75745,1.0876,7007,49,[0],"[True, False]","[16, 14, 12, 10, 8]",4,chi2,256
4,CBOSS_Dilation,Car,0.73333,1040.10452,3.07625,32144,49,[0],"[True, False]","[16, 14, 12, 10, 8]",4,chi2,256
5,CBOSS_Dilation,CBF,0.48444,6.37071,29.75093,392,49,[0],"[True, False]","[16, 14, 12, 10, 8]",4,chi2,256
6,CBOSS_Dilation,Coffee,0.92857,4.63902,1.50101,4018,49,[0],"[True, False]","[16, 14, 12, 10, 8]",4,chi2,256
7,CBOSS_Dilation,DiatomSizeReduction,0.80719,5.85352,16.54458,5733,49,[0],"[True, False]","[16, 14, 12, 10, 8]",4,chi2,256
8,CBOSS_Dilation,DistalPhalanxOutlineAgeGroup,0.70504,27.12156,6.12721,3969,49,[0],"[True, False]","[16, 14, 12, 10, 8]",4,chi2,256
9,CBOSS_Dilation,DistalPhalanxOutlineCorrect,0.6558,75.95403,14.53106,16317,49,[0],"[True, False]","[16, 14, 12, 10, 8]",4,chi2,256
10,CBOSS_Dilation,DistalPhalanxTW,0.5036,62.51775,7.43416,22540,49,[0],"[True, False]","[16, 14, 12, 10, 8]",4,chi2,256
11,CBOSS_Dilation,ECG200,0.75,18.96549,4.22666,3479,49,[0],"[True, False]","[16, 14, 12, 10, 8]",4,chi2,256
12,CBOSS_Dilation,ECGFiveDays,0.90476,6.62673,33.18643,686,49,[0],"[True, False]","[16, 14, 12, 10, 8]",4,chi2,256
13,CBOSS_Dilation,ItalyPowerDemand,0.50146,21.62386,33.15892,392,49,[0],"[True, False]","[16, 14, 12, 10, 8]",4,chi2,256
14,CBOSS_Dilation,MiddlePhalanxOutlineAgeGroup,0.49351,101.50443,7.2763,21021,49,[0],"[True, False]","[16, 14, 12, 10, 8]",4,chi2,256
15,CBOSS_Dilation,MiddlePhalanxOutlineCorrect,0.76976,216.94166,14.03056,14112,49,[0],"[True, False]","[16, 14, 12, 10, 8]",4,chi2,256
16,CBOSS_Dilation,MiddlePhalanxTW,0.50649,13.0302,7.38694,10486,49,[0],"[True, False]","[16, 14, 12, 10, 8]",4,chi2,256
17,CBOSS_Dilation,OliveOil,0.76667,9.28922,1.57555,1813,49,[0],"[True, False]","[16, 14, 12, 10, 8]",4,chi2,256
18,CBOSS_Dilation,Plane,1.0,34.85776,5.81575,52724,49,[0],"[True, False]","[16, 14, 12, 10, 8]",4,chi2,256
19,CBOSS_Dilation,ProximalPhalanxOutlineAgeGroup,0.82439,144.99304,11.43094,13622,49,[0],"[True, False]","[16, 14, 12, 10, 8]",4,chi2,256
20,CBOSS_Dilation,ProximalPhalanxOutlineCorrect,0.78351,112.65692,10.02074,14357,49,[0],"[True, False]","[16, 14, 12, 10, 8]",4,chi2,256
21,CBOSS_Dilation,ProximalPhalanxTW,0.72683,23.81929,10.91586,24647,49,[0],"[True, False]","[16, 14, 12, 10, 8]",4,chi2,256
22,CBOSS_Dilation,SyntheticControl,0.56667,13.41372,10.56827,1715,49,[0],"[True, False]","[16, 14, 12, 10, 8]",4,chi2,256
23,CBOSS_Dilation,TwoLeadECG,0.94996,6.91364,50.51979,1078,49,[0],"[True, False]","[16, 14, 12, 10, 8]",4,chi2,256
24,CBOSS_Dilation,Wine,0.61111,27.74533,3.15736,2303,49,[0],"[True, False]","[16, 14, 12, 10, 8]",4,chi2,256
