,Classifier,Dataset,Accuracy,Fit-Time,Predict-Time,total_feature_count,num_of_random_dilations,win_lengths,norm_options,word_lengths,alphabet_size,feature_selection,max_feature_count
25,CBOSS_Dilation,ALL_AVERAGE,0.8468312,1.8803776,11.7912664,471.28,2,"[28, 24, 20, 16, 12]","[True, False]","[6, 8]",4,chi2,512
25,CBOSS_Dilation,ALL_AVERAGE,0.8419668,1.4354604,11.7669268,341.84,2,"[28, 24, 20, 16, 12]","[True, False]","[6, 8]",4,chi2,256
25,CBOSS_Dilation,ALL_AVERAGE,0.8418868,1.0989652,12.4769052,553.2,2,"[28, 24, 20, 16, 12]","[True, False]","[4, 6]",4,none,256
25,CBOSS_Dilation,ALL_AVERAGE,0.8414704,1.1287436,12.5907812,4251.04,2,"[28, 24, 20, 16, 12]","[True, False]","[6, 8]",6,none,256
25,CBOSS_Dilation,ALL_AVERAGE,0.8412044,5.697382,16.6094528,9953.28,12,"[28, 24, 20, 16, 12]","[True, False]","[4, 6]",6,none,512
25,CBOSS_Dilation,ALL_AVERAGE,0.8406472,9.460426,15.7524772,1986.72,12,"[28, 24, 20, 16, 12]","[True, False]","[4, 6]",6,chi2,512
25,CBOSS,ALL_AVERAGE,0.8403012,10.7525848,16.5765716,NULL,NULL,NULL,"[True, False]","[16, 14, 12, 10, 8]",4,none,256
25,CBOSS_Dilation,ALL_AVERAGE,0.8387884,3.1495168,11.9255124,228.56,2,"[28, 24, 20, 16, 12]","[True, False]","[4, 6]",4,chi2,512
25,CBOSS_Dilation,ALL_AVERAGE,0.8383972,3.80464,11.4138404,739.68,2,"[28, 24, 20, 16, 12]","[True, False]","[6, 8]",6,chi2,512
25,CBOSS_Dilation,ALL_AVERAGE,0.8381476,1.130546,6.7137776,1178.48,2,"[28, 24, 20, 16, 12]","[True, False]",[6],4,none,512
25,CBOSS_Dilation,ALL_AVERAGE,0.8378276,5.0653776,16.3137308,2697.12,12,"[28, 24, 20, 16, 12]","[True, False]","[4, 6]",6,random,256
25,CBOSS_Dilation,ALL_AVERAGE,0.8376968,8.2602456,15.9558328,2367.36,12,"[28, 24, 20, 16, 12]","[True, False]","[6, 8]",4,chi2,256
25,CBOSS_Dilation,ALL_AVERAGE,0.8374308,3.6740936,15.7477316,1619.52,12,"[28, 24, 20, 16, 12]","[True, False]",[6],4,chi2,512
25,CBOSS_Dilation,ALL_AVERAGE,0.8372372,3.0918324,16.7159288,18677.76,12,"[28, 24, 20, 16, 12]","[True, False]",[6],6,none,256
25,CBOSS_Dilation,ALL_AVERAGE,0.8366792,6.03506,16.7043276,13690.08,12,"[28, 24, 20, 16, 12]","[True, False]","[6, 8]",4,none,256
25,CBOSS_Dilation,ALL_AVERAGE,0.8365232,1.6717228,6.8887036,2579.84,2,"[28, 24, 20, 16, 12]","[True, False]",[6],6,none,256
25,CBOSS_Dilation,ALL_AVERAGE,0.8365104,1.1115864,12.4803404,4497.84,2,"[28, 24, 20, 16, 12]","[True, False]","[6, 8]",6,none,512
25,CBOSS_Dilation,ALL_AVERAGE,0.8363784,1.077306,12.6455316,2293.12,2,"[28, 24, 20, 16, 12]","[True, False]","[6, 8]",4,none,512
25,CBOSS_Dilation,ALL_AVERAGE,0.8359824,0.6057332,6.278062,5397.28,2,"[28, 24, 20, 16, 12]","[True, False]",[8],6,none,256
25,CBOSS_Dilation,ALL_AVERAGE,0.835802,15.4263104,16.3749688,4918.32,22,"[28, 24, 20, 16, 12]","[True, False]","[6, 8]",4,chi2,256
25,CBOSS_Dilation,ALL_AVERAGE,0.8355948,0.9416868,12.6160692,1605.44,2,"[28, 24, 20, 16, 12]","[True, False]","[4, 6]",6,none,256
25,CBOSS_Dilation,ALL_AVERAGE,0.8354796,8.515488,15.9952384,3124.8,12,"[28, 24, 20, 16, 12]","[True, False]","[6, 8]",4,chi2,512
25,CBOSS_Dilation,ALL_AVERAGE,0.8347892,3.036514,16.8307508,6248.16,12,"[28, 24, 20, 16, 12]","[True, False]",[6],4,none,256
25,CBOSS_Dilation,ALL_AVERAGE,0.8346652,1.01134,12.663456,1838.56,2,"[28, 24, 20, 16, 12]","[True, False]","[6, 8]",4,none,256
25,CBOSS_Dilation,ALL_AVERAGE,0.8334888,0.931778,12.4457176,910.56,2,"[28, 24, 20, 16, 12]","[True, False]","[6, 8]",4,random,512
25,CBOSS_Dilation,ALL_AVERAGE,0.833432,7.0522824,15.8652928,1031.04,12,"[28, 24, 20, 16, 12]","[True, False]","[4, 6]",4,chi2,256
25,CBOSS_Dilation,ALL_AVERAGE,0.833276,13.9619328,16.126766,15357.44,32,"[28, 24, 20, 16, 12]","[True, False]","[6, 8]",6,random,512
25,CBOSS_Dilation,ALL_AVERAGE,0.8331124,5.2128508,16.0868888,2925.12,12,"[28, 24, 20, 16, 12]","[True, False]","[6, 8]",4,random,256
25,CBOSS_Dilation,ALL_AVERAGE,0.832872,0.540474,6.3716496,3103.12,2,"[28, 24, 20, 16, 12]","[True, False]",[8],4,none,256
25,CBOSS_Dilation,ALL_AVERAGE,0.8316932,2.2512228,11.2804592,595.12,2,"[28, 24, 20, 16, 12]","[True, False]","[6, 8]",6,chi2,256
25,CBOSS_Dilation,ALL_AVERAGE,0.830736,3.4925688,16.7238584,36632.64,12,"[28, 24, 20, 16, 12]","[True, False]",[8],6,none,512
25,CBOSS_Dilation,ALL_AVERAGE,0.8305968,2.5774688,15.8735648,3072,12,"[28, 24, 20, 16, 12]","[True, False]",[6],6,random,256
25,CBOSS_Dilation,ALL_AVERAGE,0.8305316,5.7562268,16.6810376,12440.64,12,"[28, 24, 20, 16, 12]","[True, False]","[4, 6]",6,none,256
25,CBOSS_Dilation,ALL_AVERAGE,0.8305124,8.7674388,15.8993588,10740.24,42,"[28, 24, 20, 16, 12]","[True, False]",[8],4,random,256
25,CBOSS_Dilation,ALL_AVERAGE,0.8299888,0.913338,12.4804788,650.8,2,"[28, 24, 20, 16, 12]","[True, False]","[4, 6]",4,none,512
25,CBOSS_Dilation,ALL_AVERAGE,0.8298688,15.5719764,16.8830576,36179.2,32,"[28, 24, 20, 16, 12]","[True, False]","[6, 8]",4,none,512
25,CBOSS_Dilation,ALL_AVERAGE,0.8297256,3.0294328,16.6562128,15026.88,12,"[28, 24, 20, 16, 12]","[True, False]",[6],6,none,512
25,CBOSS_Dilation,ALL_AVERAGE,0.829616,6.4221456,16.8720856,1308,12,"[28, 24, 20, 16, 12]","[True, False]","[6, 8]",2,random,256
25,CBOSS_Dilation,ALL_AVERAGE,0.8295436,7.518994,16.3381844,15636.48,32,"[28, 24, 20, 16, 12]","[True, False]",[8],4,random,512
25,CBOSS_Dilation,ALL_AVERAGE,0.8295356,0.9105992,12.3001832,143.28,2,"[28, 24, 20, 16, 12]","[True, False]","[6, 8]",2,random,256
25,CBOSS_Dilation,ALL_AVERAGE,0.8294384,12.3907272,15.8600556,1752.96,22,"[28, 24, 20, 16, 12]","[True, False]","[4, 6]",4,chi2,512
25,CBOSS_Dilation,ALL_AVERAGE,0.8292344,0.9585632,12.6593236,2451.52,2,"[28, 24, 20, 16, 12]","[True, False]","[4, 6]",6,none,512
25,CBOSS_Dilation,ALL_AVERAGE,0.8292032,2.654518,16.0523316,5777.76,12,"[28, 24, 20, 16, 12]","[True, False]",[6],6,random,512
25,CBOSS_Dilation,ALL_AVERAGE,0.8289864,0.9159856,12.4088148,466.32,2,"[28, 24, 20, 16, 12]","[True, False]","[4, 6]",4,random,512
25,CBOSS_Dilation,ALL_AVERAGE,0.8289636,0.4853272,6.2106576,716.48,2,"[28, 24, 20, 16, 12]","[True, False]",[6],4,random,512
25,CBOSS_Dilation,ALL_AVERAGE,0.8289596,9.9560424,16.6791136,7522.24,22,"[28, 24, 20, 16, 12]","[True, False]","[4, 6]",4,none,512
25,CBOSS_Dilation,ALL_AVERAGE,0.8288424,2.7999788,16.288228,5597.76,12,"[28, 24, 20, 16, 12]","[True, False]",[8],4,random,512
25,CBOSS_Dilation,ALL_AVERAGE,0.8287896,3.0843068,11.9714696,406.24,2,"[28, 24, 20, 16, 12]","[True, False]","[4, 6]",6,chi2,256
25,CBOSS_Dilation,ALL_AVERAGE,0.8287492,5.3435276,16.433574,3769.92,12,"[28, 24, 20, 16, 12]","[True, False]","[4, 6]",6,random,512
25,CBOSS_Dilation,ALL_AVERAGE,0.828648,3.4843856,16.9259856,19584.96,12,"[28, 24, 20, 16, 12]","[True, False]",[8],4,none,256
25,CBOSS_Dilation,ALL_AVERAGE,0.8286276,5.5563692,16.5259224,5115.84,12,"[28, 24, 20, 16, 12]","[True, False]","[6, 8]",4,random,512
25,CBOSS_Dilation,ALL_AVERAGE,0.8286092,6.5046708,16.544716,20932.8,12,"[28, 24, 20, 16, 12]","[True, False]","[6, 8]",6,none,512
25,CBOSS_Dilation,ALL_AVERAGE,0.828386,0.7069232,6.3418932,5783.28,2,"[28, 24, 20, 16, 12]","[True, False]",[8],6,none,512
25,CBOSS_Dilation,ALL_AVERAGE,0.828378,5.4159792,16.4559572,3965.76,12,"[28, 24, 20, 16, 12]","[True, False]","[4, 6]",4,none,256
25,CBOSS_Dilation,ALL_AVERAGE,0.8282152,10.039082,16.5552872,9532.16,22,"[28, 24, 20, 16, 12]","[True, False]","[6, 8]",4,random,512
25,CBOSS_Dilation,ALL_AVERAGE,0.8281788,5.349326,15.6186812,3034.08,12,"[28, 24, 20, 16, 12]","[True, False]",[8],4,chi2,256
25,CBOSS_Dilation,ALL_AVERAGE,0.8275828,16.4947868,16.0471248,3104,32,"[28, 24, 20, 16, 12]","[True, False]","[4, 6]",4,chi2,256
25,CBOSS_Dilation,ALL_AVERAGE,0.827578,3.6317968,16.4656376,2998.56,12,"[28, 24, 20, 16, 12]","[True, False]",[8],4,random,256
25,CBOSS_Dilation,ALL_AVERAGE,0.8275736,11.8418584,16.6562196,47209.36,22,"[28, 24, 20, 16, 12]","[True, False]","[6, 8]",6,none,512
25,CBOSS_Dilation,ALL_AVERAGE,0.8275512,13.1528756,15.2885224,29747.6,62,"[28, 24, 20, 16, 12]","[True, False]",[8],4,random,512
25,CBOSS_Dilation,ALL_AVERAGE,0.8274012,13.5827424,15.88615,4511.76,22,"[28, 24, 20, 16, 12]","[True, False]","[4, 6]",6,chi2,512
25,CBOSS_Dilation,ALL_AVERAGE,0.8272516,16.549202,15.3584172,10338.72,42,"[28, 24, 20, 16, 12]","[True, False]","[6, 8]",4,random,256
25,CBOSS_Dilation,ALL_AVERAGE,0.8272492,7.675778,17.2634344,22767.36,12,"[28, 24, 20, 16, 12]","[True, False]","[6, 8]",6,none,256
25,CBOSS_Dilation,ALL_AVERAGE,0.8272092,8.5023064,15.6016904,10698.24,42,"[28, 24, 20, 16, 12]","[True, False]",[6],6,random,256
25,CBOSS_Dilation,ALL_AVERAGE,0.8270036,14.0429764,16.0971816,8046.08,32,"[28, 24, 20, 16, 12]","[True, False]","[6, 8]",6,random,256
25,CBOSS_Dilation,ALL_AVERAGE,0.8269748,0.7259264,5.8391268,470.48,2,"[28, 24, 20, 16, 12]","[True, False]",[8],4,chi2,256
25,CBOSS_Dilation,ALL_AVERAGE,0.8269492,0.8597584,12.23271,460.56,2,"[28, 24, 20, 16, 12]","[True, False]","[4, 6]",6,random,256
25,CBOSS_Dilation,ALL_AVERAGE,0.8268836,6.73808,15.9700852,8192,32,"[28, 24, 20, 16, 12]","[True, False]",[6],6,random,256
25,CBOSS_Dilation,ALL_AVERAGE,0.8267376,5.2221544,15.8774488,3036,12,"[28, 24, 20, 16, 12]","[True, False]","[6, 8]",6,random,256
25,CBOSS_Dilation,ALL_AVERAGE,0.8265616,1.4971392,11.7752732,180.16,2,"[28, 24, 20, 16, 12]","[True, False]","[4, 6]",4,chi2,256
25,CBOSS_Dilation,ALL_AVERAGE,0.8260824,1.6681264,6.8903456,2756.56,2,"[28, 24, 20, 16, 12]","[True, False]",[6],6,none,512
25,CBOSS_Dilation,ALL_AVERAGE,0.826066,9.8387624,16.22497,11197.12,22,"[28, 24, 20, 16, 12]","[True, False]","[6, 8]",6,random,512
25,CBOSS_Dilation,ALL_AVERAGE,0.8258716,13.6149464,16.6829792,7206.4,32,"[28, 24, 20, 16, 12]","[True, False]","[4, 6]",4,random,512
25,CBOSS_Dilation,ALL_AVERAGE,0.8258416,10.7423532,17.00552,4100.8,22,"[28, 24, 20, 16, 12]","[True, False]","[4, 6]",4,random,256
25,CBOSS_Dilation,ALL_AVERAGE,0.8256128,11.0403076,17.0177648,7700,22,"[28, 24, 20, 16, 12]","[True, False]","[4, 6]",4,none,256
25,CBOSS_Dilation,ALL_AVERAGE,0.825578,9.647528,16.1144544,5606.48,22,"[28, 24, 20, 16, 12]","[True, False]","[6, 8]",6,random,256
25,CBOSS_Dilation,ALL_AVERAGE,0.8254768,3.540468,16.8005064,2779.2,12,"[28, 24, 20, 16, 12]","[True, False]",[6],4,random,256
25,CBOSS_Dilation,ALL_AVERAGE,0.8252756,17.2470564,15.40576,7518.72,22,"[28, 24, 20, 16, 12]","[True, False]","[6, 8]",6,chi2,512
25,CBOSS_Dilation,ALL_AVERAGE,0.825162,14.170778,16.398784,13608.96,32,"[28, 24, 20, 16, 12]","[True, False]","[6, 8]",4,random,512
25,CBOSS_Dilation,ALL_AVERAGE,0.8251288,6.4549952,15.643846,1377.6,12,"[28, 24, 20, 16, 12]","[True, False]","[4, 6]",4,chi2,512
25,CBOSS_Dilation,ALL_AVERAGE,0.8250744,0.8876964,12.3344668,363.04,2,"[28, 24, 20, 16, 12]","[True, False]","[4, 6]",4,random,256
25,CBOSS_Dilation,ALL_AVERAGE,0.8250308,5.2506012,16.6216536,10357.6,22,"[28, 24, 20, 16, 12]","[True, False]",[6],4,none,256
25,CBOSS_Dilation,ALL_AVERAGE,0.8250148,6.503002,16.809316,61162.64,22,"[28, 24, 20, 16, 12]","[True, False]",[8],6,none,256
25,CBOSS_Dilation,ALL_AVERAGE,0.8249588,1.223608,11.7656488,318.96,2,"[28, 24, 20, 16, 12]","[True, False]","[4, 6]",6,chi2,512
25,CBOSS_Dilation,ALL_AVERAGE,0.8245972,12.6396192,17.3008384,36444.32,22,"[28, 24, 20, 16, 12]","[True, False]","[6, 8]",6,none,256
25,CBOSS_Dilation,ALL_AVERAGE,0.8245268,20.4860604,16.1391876,18198.72,72,"[28, 24, 20, 16, 12]","[True, False]","[6, 8]",6,random,256
25,CBOSS_Dilation,ALL_AVERAGE,0.8245236,9.6362624,15.2852012,3084.48,12,"[28, 24, 20, 16, 12]","[True, False]","[6, 8]",6,chi2,512
25,CBOSS_Dilation,ALL_AVERAGE,0.824522,1.6033352,5.8504524,511.84,2,"[28, 24, 20, 16, 12]","[True, False]",[6],6,chi2,256
25,CBOSS_Dilation,ALL_AVERAGE,0.8244768,1.8824968,12.5262484,474.4,2,"[28, 24, 20, 16, 12]","[True, False]","[6, 8]",4,random,256
25,CBOSS_Dilation,ALL_AVERAGE,0.824436,10.9112004,16.671562,20083.36,22,"[28, 24, 20, 16, 12]","[True, False]","[6, 8]",4,none,512
25,CBOSS_Dilation,ALL_AVERAGE,0.8243976,8.525852,16.0724364,4448.4,22,"[28, 24, 20, 16, 12]","[True, False]",[6],4,chi2,256
25,CBOSS_Dilation,ALL_AVERAGE,0.8243244,10.8878888,17.0114512,15551.36,22,"[28, 24, 20, 16, 12]","[True, False]","[4, 6]",6,none,512
25,CBOSS_Dilation,ALL_AVERAGE,0.8242844,0.9905824,12.5043864,722.56,2,"[28, 24, 20, 16, 12]","[True, False]","[4, 6]",6,random,512
25,CBOSS_Dilation,ALL_AVERAGE,0.8242692,6.4308968,17.0442612,3343.2,12,"[28, 24, 20, 16, 12]","[True, False]","[4, 6]",4,none,512
25,CBOSS_Dilation,ALL_AVERAGE,0.8241896,6.5469768,16.6400568,5923.2,12,"[28, 24, 20, 16, 12]","[True, False]","[6, 8]",6,random,512
25,CBOSS_Dilation,ALL_AVERAGE,0.8241548,10.26085,16.6023692,4111.36,22,"[28, 24, 20, 16, 12]","[True, False]","[6, 8]",2,none,512
25,CBOSS_Dilation,ALL_AVERAGE,0.8241064,5.0509972,16.2904876,10581.12,22,"[28, 24, 20, 16, 12]","[True, False]",[8],4,random,512
25,CBOSS_Dilation,ALL_AVERAGE,0.8240788,1.6716532,5.7627272,528.72,2,"[28, 24, 20, 16, 12]","[True, False]",[6],6,chi2,512
25,CBOSS_Dilation,ALL_AVERAGE,0.8239944,14.3112128,15.2495068,18247.68,72,"[28, 24, 20, 16, 12]","[True, False]",[8],4,random,256
25,CBOSS_Dilation,ALL_AVERAGE,0.8239936,9.9510604,16.5877768,8436.56,22,"[28, 24, 20, 16, 12]","[True, False]","[4, 6]",6,random,512
25,CBOSS_Dilation,ALL_AVERAGE,0.823844,4.980898,16.4075684,10421.84,22,"[28, 24, 20, 16, 12]","[True, False]",[6],6,random,512
25,CBOSS_Dilation,ALL_AVERAGE,0.8237908,7.5513988,15.8171232,2454.24,12,"[28, 24, 20, 16, 12]","[True, False]","[4, 6]",6,chi2,256
25,CBOSS_Dilation,ALL_AVERAGE,0.8237064,9.60974,16.303372,5437.52,22,"[28, 24, 20, 16, 12]","[True, False]","[6, 8]",4,random,256
25,CBOSS_Dilation,ALL_AVERAGE,0.8236684,1.181838,5.97688,314.48,2,"[28, 24, 20, 16, 12]","[True, False]",[6],4,chi2,512
25,CBOSS_Dilation,ALL_AVERAGE,0.8236044,2.7722028,16.5787076,4186.08,12,"[28, 24, 20, 16, 12]","[True, False]",[6],4,random,512
25,CBOSS_Dilation,ALL_AVERAGE,0.8235176,5.7599944,16.7777496,23783.76,22,"[28, 24, 20, 16, 12]","[True, False]",[6],6,none,512
25,CBOSS_Dilation,ALL_AVERAGE,0.8232348,1.6188296,6.6902368,976.8,2,"[28, 24, 20, 16, 12]","[True, False]",[8],4,random,512
25,CBOSS_Dilation,ALL_AVERAGE,0.8231852,18.3522772,17.2193184,38505.6,42,"[28, 24, 20, 16, 12]","[True, False]","[6, 8]",4,none,256
25,CBOSS_Dilation,ALL_AVERAGE,0.8231188,0.472354,6.1753876,487.52,2,"[28, 24, 20, 16, 12]","[True, False]",[6],4,random,256
25,CBOSS_Dilation,ALL_AVERAGE,0.8230944,18.0799368,17.3356528,61743.36,32,"[28, 24, 20, 16, 12]","[True, False]","[6, 8]",6,none,512
25,CBOSS_Dilation,ALL_AVERAGE,0.8229828,20.6953756,15.4470564,12513.28,52,"[28, 24, 20, 16, 12]","[True, False]","[6, 8]",4,random,256
25,CBOSS_Dilation,ALL_AVERAGE,0.8228972,6.7575924,17.1861732,12269.76,12,"[28, 24, 20, 16, 12]","[True, False]","[6, 8]",4,none,512
25,CBOSS_Dilation,ALL_AVERAGE,0.8228196,15.8983432,16.0961924,33989.76,72,"[28, 24, 20, 16, 12]","[True, False]",[8],4,random,512
25,CBOSS_Dilation,ALL_AVERAGE,0.8227852,21.6110016,16.1506596,6176,32,"[28, 24, 20, 16, 12]","[True, False]","[6, 8]",4,chi2,256
25,CBOSS_Dilation,ALL_AVERAGE,0.8226912,6.9007264,17.348728,30555.36,22,"[28, 24, 20, 16, 12]","[True, False]",[8],4,none,512
25,CBOSS_Dilation,ALL_AVERAGE,0.8224636,1.9043208,12.789318,202.16,2,"[28, 24, 20, 16, 12]","[True, False]","[6, 8]",2,random,512
25,CBOSS_Dilation,ALL_AVERAGE,0.8223836,17.6949376,16.02803,20492.64,42,"[28, 24, 20, 16, 12]","[True, False]","[6, 8]",6,random,512
25,CBOSS_Dilation,ALL_AVERAGE,0.8223484,17.6173224,15.7013392,23548.32,92,"[28, 24, 20, 16, 12]","[True, False]",[6],6,random,256
25,CBOSS_Dilation,ALL_AVERAGE,0.8222592,19.9091908,15.615536,25257.44,52,"[28, 24, 20, 16, 12]","[True, False]","[6, 8]",6,random,512
25,CBOSS_Dilation,ALL_AVERAGE,0.8221552,8.3017244,16.3502024,8192,32,"[28, 24, 20, 16, 12]","[True, False]",[8],4,random,256
25,CBOSS_Dilation,ALL_AVERAGE,0.8218496,12.0146804,15.825654,2779.92,22,"[28, 24, 20, 16, 12]","[True, False]","[4, 6]",4,chi2,256
25,CBOSS_Dilation,ALL_AVERAGE,0.8218384,11.159666,15.6953936,24209.12,52,"[28, 24, 20, 16, 12]","[True, False]",[6],6,random,512
25,CBOSS_Dilation,ALL_AVERAGE,0.8217456,4.8781168,16.2821364,5210.48,22,"[28, 24, 20, 16, 12]","[True, False]",[6],4,random,256
25,CBOSS_Dilation,ALL_AVERAGE,0.8216952,24.6314872,15.696746,29556.64,62,"[28, 24, 20, 16, 12]","[True, False]","[6, 8]",6,random,512
25,CBOSS_Dilation,ALL_AVERAGE,0.8216288,2.7915164,16.5458812,1603.2,12,"[28, 24, 20, 16, 12]","[True, False]",[8],2,random,256
25,CBOSS_Dilation,ALL_AVERAGE,0.8214804,5.801964,16.3592496,5618.8,22,"[28, 24, 20, 16, 12]","[True, False]",[8],4,random,256
25,CBOSS_Dilation,ALL_AVERAGE,0.821344,6.025088,16.6820024,1775.04,12,"[28, 24, 20, 16, 12]","[True, False]","[4, 6]",4,random,256
25,CBOSS_Dilation,ALL_AVERAGE,0.8213116,5.8595176,16.8716984,30858.96,22,"[28, 24, 20, 16, 12]","[True, False]",[8],4,none,256
25,CBOSS_Dilation,ALL_AVERAGE,0.8212468,0.4931888,6.265498,272.72,2,"[28, 24, 20, 16, 12]","[True, False]",[8],2,random,256
25,CBOSS_Dilation,ALL_AVERAGE,0.821186,1.6226136,6.902682,945.84,2,"[28, 24, 20, 16, 12]","[True, False]",[6],4,none,256
25,CBOSS_Dilation,ALL_AVERAGE,0.8211692,21.4203896,16.1466228,10797.36,42,"[28, 24, 20, 16, 12]","[True, False]","[6, 8]",4,chi2,256
25,CBOSS_Dilation,ALL_AVERAGE,0.8211228,9.12035,16.2462484,5083.76,22,"[28, 24, 20, 16, 12]","[True, False]","[4, 6]",6,random,256
25,CBOSS_Dilation,ALL_AVERAGE,0.8210472,12.6267992,15.9271652,15557.04,62,"[28, 24, 20, 16, 12]","[True, False]",[6],6,random,256
25,CBOSS_Dilation,ALL_AVERAGE,0.8210368,11.0290072,16.873794,22383.68,22,"[28, 24, 20, 16, 12]","[True, False]","[6, 8]",4,none,256
25,CBOSS_Dilation,ALL_AVERAGE,0.8209692,16.2646332,16.0688416,5546.64,22,"[28, 24, 20, 16, 12]","[True, False]","[6, 8]",4,chi2,512
25,CBOSS_Dilation,ALL_AVERAGE,0.8208304,14.4402288,16.6978504,22938.88,32,"[28, 24, 20, 16, 12]","[True, False]","[4, 6]",6,none,512
25,CBOSS_Dilation,ALL_AVERAGE,0.8207528,4.8521316,16.4551076,5632,22,"[28, 24, 20, 16, 12]","[True, False]",[8],2,none,512
25,CBOSS_Dilation,ALL_AVERAGE,0.8207176,5.2667408,16.5635172,2733.6,12,"[28, 24, 20, 16, 12]","[True, False]","[4, 6]",4,random,512
25,CBOSS_Dilation,ALL_AVERAGE,0.8206732,22.1245148,15.2181532,15646.32,62,"[28, 24, 20, 16, 12]","[True, False]","[6, 8]",6,random,256
25,CBOSS_Dilation,ALL_AVERAGE,0.820664,10.4504904,15.6597816,4466.4,12,"[28, 24, 20, 16, 12]","[True, False]","[6, 8]",6,chi2,256
25,CBOSS_Dilation,ALL_AVERAGE,0.820638,10.5932136,15.8833184,5856,32,"[28, 24, 20, 16, 12]","[True, False]",[6],4,chi2,512
25,CBOSS_Dilation,ALL_AVERAGE,0.8205912,24.0960276,16.824022,25189.36,62,"[28, 24, 20, 16, 12]","[True, False]","[6, 8]",4,random,512
25,CBOSS_Dilation,ALL_AVERAGE,0.820518,9.8046292,16.5636916,4832.96,22,"[28, 24, 20, 16, 12]","[True, False]","[4, 6]",4,random,512
25,CBOSS_Dilation,ALL_AVERAGE,0.8204356,19.5484076,16.061242,7558.4,32,"[28, 24, 20, 16, 12]","[True, False]","[6, 8]",4,chi2,512
25,CBOSS_Dilation,ALL_AVERAGE,0.8202352,8.1926432,16.749484,7591.68,32,"[28, 24, 20, 16, 12]","[True, False]",[6],4,random,256
25,CBOSS_Dilation,ALL_AVERAGE,0.8201436,8.89728,15.3570612,19546.8,42,"[28, 24, 20, 16, 12]","[True, False]",[6],6,random,512
25,CBOSS_Dilation,ALL_AVERAGE,0.8200216,6.7493968,17.06552,35996.4,22,"[28, 24, 20, 16, 12]","[True, False]",[6],6,none,256
25,CBOSS_Dilation,ALL_AVERAGE,0.8199544,6.282944,15.7162524,3618.72,12,"[28, 24, 20, 16, 12]","[True, False]",[6],6,chi2,512
25,CBOSS_Dilation,ALL_AVERAGE,0.81986,14.5693064,16.1170168,16044.48,72,"[28, 24, 20, 16, 12]","[True, False]",[6],4,random,256
25,CBOSS_Dilation,ALL_AVERAGE,0.8198004,12.5035512,15.8566112,15812.48,62,"[28, 24, 20, 16, 12]","[True, False]",[8],4,random,256
25,CBOSS_Dilation,ALL_AVERAGE,0.8196988,26.326534,16.2682352,33554.4,82,"[28, 24, 20, 16, 12]","[True, False]","[6, 8]",4,random,512
25,CBOSS_Dilation,ALL_AVERAGE,0.8196676,13.4621532,16.4178292,5122.56,32,"[28, 24, 20, 16, 12]","[True, False]","[4, 6]",4,random,256
25,CBOSS_Dilation,ALL_AVERAGE,0.8195452,5.65689,16.9594884,13342.56,22,"[28, 24, 20, 16, 12]","[True, False]",[6],4,none,512
25,CBOSS_Dilation,ALL_AVERAGE,0.8194992,2.5945512,16.4050184,3072,12,"[28, 24, 20, 16, 12]","[True, False]",[8],2,none,512
25,CBOSS_Dilation,ALL_AVERAGE,0.8193544,0.864216,12.2383192,312.32,2,"[28, 24, 20, 16, 12]","[True, False]","[6, 8]",2,none,512
25,CBOSS_Dilation,ALL_AVERAGE,0.8191564,13.4069564,15.7610556,4370.96,22,"[28, 24, 20, 16, 12]","[True, False]","[4, 6]",6,chi2,256
25,CBOSS_Dilation,ALL_AVERAGE,0.8191292,8.6032968,16.9681248,39344.64,32,"[28, 24, 20, 16, 12]","[True, False]",[6],6,none,512
25,CBOSS_Dilation,ALL_AVERAGE,0.819116,6.5103672,16.6883596,61622.88,22,"[28, 24, 20, 16, 12]","[True, False]",[8],6,none,512
25,CBOSS_Dilation,ALL_AVERAGE,0.8188236,17.6221672,15.5829216,23279.68,92,"[28, 24, 20, 16, 12]","[True, False]",[8],4,random,256
25,CBOSS_Dilation,ALL_AVERAGE,0.8186816,4.3120292,17.293626,18864,12,"[28, 24, 20, 16, 12]","[True, False]",[8],4,none,512
25,CBOSS_Dilation,ALL_AVERAGE,0.8186652,23.1547732,15.3483104,17449.92,72,"[28, 24, 20, 16, 12]","[True, False]","[6, 8]",4,random,256
25,CBOSS_Dilation,ALL_AVERAGE,0.8185908,2.6909384,16.240676,3072,12,"[28, 24, 20, 16, 12]","[True, False]",[8],2,none,256
25,CBOSS_Dilation,ALL_AVERAGE,0.8185512,11.1927648,16.0824948,13239.2,52,"[28, 24, 20, 16, 12]","[True, False]",[8],4,random,256
25,CBOSS_Dilation,ALL_AVERAGE,0.8184484,15.873018,15.7396756,20992,82,"[28, 24, 20, 16, 12]","[True, False]",[6],6,random,256
25,CBOSS_Dilation,ALL_AVERAGE,0.8184284,0.5306656,6.3631488,3308.8,2,"[28, 24, 20, 16, 12]","[True, False]",[8],4,none,512
25,CBOSS_Dilation,ALL_AVERAGE,0.8182756,16.1321796,16.0704644,52411.12,82,"[28, 24, 20, 16, 12]","[True, False]",[6],4,none,512
25,CBOSS_Dilation,ALL_AVERAGE,0.8182404,8.7518096,17.1223528,20849.92,32,"[28, 24, 20, 16, 12]","[True, False]",[6],4,none,256
25,CBOSS_Dilation,ALL_AVERAGE,0.8181728,14.92388,16.8666272,24175.36,32,"[28, 24, 20, 16, 12]","[True, False]","[4, 6]",6,none,256
25,CBOSS_Dilation,ALL_AVERAGE,0.8181476,13.5627636,16.6194488,9374.72,32,"[28, 24, 20, 16, 12]","[True, False]","[4, 6]",4,none,512
25,CBOSS_Dilation,ALL_AVERAGE,0.818082,24.3664116,16.5903704,137253.12,62,"[28, 24, 20, 16, 12]","[True, False]","[6, 8]",6,none,512
25,CBOSS_Dilation,ALL_AVERAGE,0.8180792,10.5070104,15.885462,13312,52,"[28, 24, 20, 16, 12]","[True, False]",[6],6,random,256
25,CBOSS_Dilation,ALL_AVERAGE,0.8180424,4.7076192,16.0010156,5632,22,"[28, 24, 20, 16, 12]","[True, False]",[6],6,random,256
25,CBOSS_Dilation,ALL_AVERAGE,0.8179804,7.2233676,16.3086096,15176.96,32,"[28, 24, 20, 16, 12]","[True, False]",[6],6,random,512
25,CBOSS_Dilation,ALL_AVERAGE,0.8178792,23.815414,15.591806,18964.96,82,"[28, 24, 20, 16, 12]","[True, False]","[6, 8]",4,random,256
25,CBOSS_Dilation,ALL_AVERAGE,0.8177676,1.9404016,12.6055056,281.6,2,"[28, 24, 20, 16, 12]","[True, False]","[6, 8]",2,none,256
25,CBOSS_Dilation,ALL_AVERAGE,0.8176992,3.9634384,17.1317452,6948,12,"[28, 24, 20, 16, 12]","[True, False]",[6],4,none,512
25,CBOSS_Dilation,ALL_AVERAGE,0.8175292,28.5839528,16.877856,38743.36,82,"[28, 24, 20, 16, 12]","[True, False]","[6, 8]",6,random,512
25,CBOSS_Dilation,ALL_AVERAGE,0.8174816,5.3115204,16.492436,1258.56,12,"[28, 24, 20, 16, 12]","[True, False]","[6, 8]",2,random,512
25,CBOSS_Dilation,ALL_AVERAGE,0.8174724,5.7310432,16.8845364,8338.88,22,"[28, 24, 20, 16, 12]","[True, False]",[6],4,random,512
25,CBOSS_Dilation,ALL_AVERAGE,0.817334,3.5601184,16.5979328,36302.88,12,"[28, 24, 20, 16, 12]","[True, False]",[8],6,none,256
25,CBOSS_Dilation,ALL_AVERAGE,0.817274,14.8703012,16.7960428,33861.12,32,"[28, 24, 20, 16, 12]","[True, False]","[6, 8]",4,none,256
25,CBOSS_Dilation,ALL_AVERAGE,0.8172352,10.395176,16.5275896,16040.64,22,"[28, 24, 20, 16, 12]","[True, False]","[4, 6]",6,none,256
25,CBOSS_Dilation,ALL_AVERAGE,0.8170456,7.4829304,16.4814048,12147.2,32,"[28, 24, 20, 16, 12]","[True, False]",[6],4,random,512
25,CBOSS_Dilation,ALL_AVERAGE,0.8169076,4.8355784,15.6132792,3733.92,12,"[28, 24, 20, 16, 12]","[True, False]",[6],6,chi2,256
25,CBOSS_Dilation,ALL_AVERAGE,0.816822,8.9947548,15.7503992,9839.76,42,"[28, 24, 20, 16, 12]","[True, False]",[6],4,random,256
25,CBOSS_Dilation,ALL_AVERAGE,0.8167424,6.7752568,15.9714168,3778.72,22,"[28, 24, 20, 16, 12]","[True, False]",[6],4,chi2,512
25,CBOSS_Dilation,ALL_AVERAGE,0.8166668,0.4572932,6.1914228,512,2,"[28, 24, 20, 16, 12]","[True, False]",[8],2,none,512
25,CBOSS_Dilation,ALL_AVERAGE,0.8165736,18.6392112,16.7832876,38772.72,42,"[28, 24, 20, 16, 12]","[True, False]","[6, 8]",4,none,512
25,CBOSS_Dilation,ALL_AVERAGE,0.8164852,20.60937,16.8870264,67346.16,42,"[28, 24, 20, 16, 12]","[True, False]","[6, 8]",6,none,512
25,CBOSS_Dilation,ALL_AVERAGE,0.8164776,17.5574872,16.1041976,18002.88,42,"[28, 24, 20, 16, 12]","[True, False]","[6, 8]",4,random,512
25,CBOSS_Dilation,ALL_AVERAGE,0.816396,13.9825,14.9462592,18190.08,72,"[28, 24, 20, 16, 12]","[True, False]",[6],6,random,256
25,CBOSS_Dilation,ALL_AVERAGE,0.8163736,19.8641168,16.3695868,13054.08,52,"[28, 24, 20, 16, 12]","[True, False]","[6, 8]",6,random,256
25,CBOSS_Dilation,ALL_AVERAGE,0.8162936,12.5720084,15.7955556,72531.68,52,"[28, 24, 20, 16, 12]","[True, False]",[8],4,none,256
25,CBOSS_Dilation,ALL_AVERAGE,0.8162596,8.441052,15.742136,6048.24,22,"[28, 24, 20, 16, 12]","[True, False]",[6],6,chi2,256
25,CBOSS_Dilation,ALL_AVERAGE,0.81621,4.3951372,15.8336248,2366.88,12,"[28, 24, 20, 16, 12]","[True, False]",[6],4,chi2,256
25,CBOSS_Dilation,ALL_AVERAGE,0.8162068,0.9331844,11.9053232,965.44,2,"[28, 24, 20, 16, 12]","[True, False]","[6, 8]",6,random,512
25,CBOSS_Dilation,ALL_AVERAGE,0.8160912,9.187144,15.1094144,19046.16,42,"[28, 24, 20, 16, 12]","[True, False]",[8],4,random,512
25,CBOSS_Dilation,ALL_AVERAGE,0.8159288,20.0832844,16.2335384,14475.76,62,"[28, 24, 20, 16, 12]","[True, False]","[6, 8]",4,random,256
25,CBOSS_Dilation,ALL_AVERAGE,0.8158472,10.2778224,17.2871488,91806.72,32,"[28, 24, 20, 16, 12]","[True, False]",[8],6,none,512
25,CBOSS_Dilation,ALL_AVERAGE,0.815836,8.4776448,16.6442652,41534.72,32,"[28, 24, 20, 16, 12]","[True, False]",[8],4,none,512
25,CBOSS_Dilation,ALL_AVERAGE,0.8157776,8.0906828,15.51919,4536.4,22,"[28, 24, 20, 16, 12]","[True, False]",[8],4,chi2,512
25,CBOSS_Dilation,ALL_AVERAGE,0.8156676,22.7655192,16.504876,23469.12,72,"[28, 24, 20, 16, 12]","[True, False]","[4, 6]",6,random,512
25,CBOSS_Dilation,ALL_AVERAGE,0.8156376,26.9099396,16.0849152,22046.88,92,"[28, 24, 20, 16, 12]","[True, False]","[6, 8]",4,random,256
25,CBOSS_Dilation,ALL_AVERAGE,0.8155908,8.2229172,16.8011908,44197.12,32,"[28, 24, 20, 16, 12]","[True, False]",[6],6,none,256
25,CBOSS_Dilation,ALL_AVERAGE,0.8155844,19.693594,16.0583728,82941.6,42,"[28, 24, 20, 16, 12]","[True, False]","[6, 8]",6,none,256
25,CBOSS_Dilation,ALL_AVERAGE,0.8153136,11.531766,16.72651,28876.64,52,"[28, 24, 20, 16, 12]","[True, False]",[6],4,none,256
25,CBOSS_Dilation,ALL_AVERAGE,0.815298,20.7692644,16.301424,23721.2,62,"[28, 24, 20, 16, 12]","[True, False]","[4, 6]",6,random,512
25,CBOSS_Dilation,ALL_AVERAGE,0.8152328,19.2776212,16.6042904,24932.96,52,"[28, 24, 20, 16, 12]","[True, False]","[4, 6]",4,none,512
25,CBOSS_Dilation,ALL_AVERAGE,0.815158,18.6390816,15.956174,7176.96,32,"[28, 24, 20, 16, 12]","[True, False]","[4, 6]",6,chi2,256
25,CBOSS_Dilation,ALL_AVERAGE,0.8150708,10.7458872,15.4138672,20297.76,42,"[28, 24, 20, 16, 12]","[True, False]",[6],4,none,256
25,CBOSS_Dilation,ALL_AVERAGE,0.8149828,18.9083852,16.6630836,42739.52,92,"[28, 24, 20, 16, 12]","[True, False]",[8],4,random,512
25,CBOSS_Dilation,ALL_AVERAGE,0.8148432,13.7907036,16.6829044,14328.32,32,"[28, 24, 20, 16, 12]","[True, False]","[4, 6]",4,none,256
25,CBOSS_Dilation,ALL_AVERAGE,0.8147132,0.4630596,6.0981216,91.2,2,"[28, 24, 20, 16, 12]","[True, False]",[6],2,random,256
25,CBOSS_Dilation,ALL_AVERAGE,0.8146824,14.0429836,15.987772,8854.56,52,"[28, 24, 20, 16, 12]","[True, False]",[6],4,chi2,512
25,CBOSS_Dilation,ALL_AVERAGE,0.8146344,1.5112384,5.9616236,355.04,2,"[28, 24, 20, 16, 12]","[True, False]",[6],4,chi2,256
25,CBOSS_Dilation,ALL_AVERAGE,0.8143944,17.5731536,15.2886092,41311.6,82,"[28, 24, 20, 16, 12]","[True, False]",[8],6,random,512
25,CBOSS_Dilation,ALL_AVERAGE,0.8139372,8.9873188,15.6024356,6296.4,22,"[28, 24, 20, 16, 12]","[True, False]",[8],4,chi2,256
25,CBOSS_Dilation,ALL_AVERAGE,0.8139148,14.588788,16.7355788,6981.12,32,"[28, 24, 20, 16, 12]","[True, False]","[4, 6]",6,random,256
25,CBOSS_Dilation,ALL_AVERAGE,0.813906,12.656264,16.0037092,15167.68,62,"[28, 24, 20, 16, 12]","[True, False]",[6],4,random,256
25,CBOSS_Dilation,ALL_AVERAGE,0.8136292,11.353534,16.4280744,29750.24,52,"[28, 24, 20, 16, 12]","[True, False]",[6],4,none,512
25,CBOSS_Dilation,ALL_AVERAGE,0.813624,5.0896268,16.611362,3301.76,22,"[28, 24, 20, 16, 12]","[True, False]",[8],2,random,256
25,CBOSS_Dilation,ALL_AVERAGE,0.813514,21.7417484,16.6283668,23520.64,52,"[28, 24, 20, 16, 12]","[True, False]","[6, 8]",4,random,512
25,CBOSS_Dilation,ALL_AVERAGE,0.8133904,10.6293116,16.7782744,1855.04,22,"[28, 24, 20, 16, 12]","[True, False]","[6, 8]",2,random,512
25,CBOSS_Dilation,ALL_AVERAGE,0.8133876,10.256834,15.7353572,72728.88,42,"[28, 24, 20, 16, 12]","[True, False]",[6],6,none,512
25,CBOSS_Dilation,ALL_AVERAGE,0.8132492,16.1136252,16.11692,40016,82,"[28, 24, 20, 16, 12]","[True, False]",[6],6,random,512
25,CBOSS_Dilation,ALL_AVERAGE,0.81322,0.7205644,5.7445368,518.72,2,"[28, 24, 20, 16, 12]","[True, False]",[8],4,chi2,512
25,CBOSS_Dilation,ALL_AVERAGE,0.8131848,2.7710568,16.463186,1409.28,12,"[28, 24, 20, 16, 12]","[True, False]",[8],2,random,512
25,CBOSS_Dilation,ALL_AVERAGE,0.8130312,22.7074148,16.0991792,16646,82,"[28, 24, 20, 16, 12]","[True, False]","[4, 6]",6,random,256
25,CBOSS_Dilation,ALL_AVERAGE,0.8130256,11.4702128,15.5058108,24926.72,52,"[28, 24, 20, 16, 12]","[True, False]",[8],4,random,512
25,CBOSS_Dilation,ALL_AVERAGE,0.8129776,18.1459476,15.97377,17906.72,52,"[28, 24, 20, 16, 12]","[True, False]","[4, 6]",6,random,512
25,CBOSS_Dilation,ALL_AVERAGE,0.8129664,21.3549892,16.3182172,28843.2,72,"[28, 24, 20, 16, 12]","[True, False]","[6, 8]",4,random,512
25,CBOSS_Dilation,ALL_AVERAGE,0.812914,17.75328,16.0527508,4056.32,32,"[28, 24, 20, 16, 12]","[True, False]","[4, 6]",4,chi2,512
25,CBOSS_Dilation,ALL_AVERAGE,0.8127956,10.544918,15.0727292,59786.16,42,"[28, 24, 20, 16, 12]","[True, False]",[8],4,none,512
25,CBOSS_Dilation,ALL_AVERAGE,0.8126908,5.2519868,16.0625376,676.32,12,"[28, 24, 20, 16, 12]","[True, False]",[8],2,chi2,512
25,CBOSS_Dilation,ALL_AVERAGE,0.8126456,4.7399904,15.78116,577.92,12,"[28, 24, 20, 16, 12]","[True, False]",[8],2,chi2,256
25,CBOSS_Dilation,ALL_AVERAGE,0.8124256,8.3767228,16.8284028,44222.72,32,"[28, 24, 20, 16, 12]","[True, False]",[8],4,none,256
25,CBOSS_Dilation,ALL_AVERAGE,0.8119616,13.0485788,15.289236,28396,62,"[28, 24, 20, 16, 12]","[True, False]",[6],6,random,512
25,CBOSS_Dilation,ALL_AVERAGE,0.8118092,0.4873988,6.2670256,297.68,2,"[28, 24, 20, 16, 12]","[True, False]",[8],2,random,512
25,CBOSS_Dilation,ALL_AVERAGE,0.8116784,14.1491224,17.019282,26917.92,62,"[28, 24, 20, 16, 12]","[True, False]",[6],4,random,512
25,CBOSS_Dilation,ALL_AVERAGE,0.8116424,17.330438,17.2073928,57854.72,32,"[28, 24, 20, 16, 12]","[True, False]","[6, 8]",6,none,256
25,CBOSS_Dilation,ALL_AVERAGE,0.811612,25.426516,16.1320384,20552.48,82,"[28, 24, 20, 16, 12]","[True, False]","[6, 8]",6,random,256
25,CBOSS_Dilation,ALL_AVERAGE,0.8115348,24.2647008,17.1406572,86048.64,72,"[28, 24, 20, 16, 12]","[True, False]","[6, 8]",4,none,256
25,CBOSS_Dilation,ALL_AVERAGE,0.8114268,4.7357248,15.9870512,393.12,12,"[28, 24, 20, 16, 12]","[True, False]","[4, 6]",2,random,512
25,CBOSS_Dilation,ALL_AVERAGE,0.8112652,12.1037872,14.276488,72161.44,52,"[28, 24, 20, 16, 12]","[True, False]",[6],6,none,256
25,CBOSS_Dilation,ALL_AVERAGE,0.8112448,2.6254696,16.0936352,768,12,"[28, 24, 20, 16, 12]","[True, False]",[6],2,none,512
25,CBOSS_Dilation,ALL_AVERAGE,0.811178,15.3257304,15.2571964,36296.64,72,"[28, 24, 20, 16, 12]","[True, False]",[8],6,random,512
25,CBOSS_Dilation,ALL_AVERAGE,0.811154,2.5306064,16.008,499.2,12,"[28, 24, 20, 16, 12]","[True, False]",[6],2,random,256
25,CBOSS_Dilation,ALL_AVERAGE,0.8111316,4.5268812,15.514584,3225.6,12,"[28, 24, 20, 16, 12]","[True, False]",[8],4,chi2,512
25,CBOSS_Dilation,ALL_AVERAGE,0.81112,7.633486,16.5502304,20222.72,32,"[28, 24, 20, 16, 12]","[True, False]",[6],4,none,512
25,CBOSS_Dilation,ALL_AVERAGE,0.8111132,5.9098996,15.5637868,520.8,12,"[28, 24, 20, 16, 12]","[True, False]","[6, 8]",2,chi2,512
25,CBOSS_Dilation,ALL_AVERAGE,0.8109936,10.8631708,16.383958,22122.24,42,"[28, 24, 20, 16, 12]","[True, False]",[6],4,none,512
25,CBOSS_Dilation,ALL_AVERAGE,0.81096,0.8529996,6.1843524,503.2,2,"[28, 24, 20, 16, 12]","[True, False]",[8],4,random,256
25,CBOSS_Dilation,ALL_AVERAGE,0.8108584,4.9988956,15.5997472,10888.24,22,"[28, 24, 20, 16, 12]","[True, False]",[8],6,random,512
25,CBOSS_Dilation,ALL_AVERAGE,0.8108364,19.6632116,16.285802,42941.2,62,"[28, 24, 20, 16, 12]","[True, False]","[4, 6]",6,none,512
25,CBOSS_Dilation,ALL_AVERAGE,0.8105988,14.8730472,16.004122,1064.96,32,"[28, 24, 20, 16, 12]","[True, False]","[6, 8]",2,chi2,256
25,CBOSS_Dilation,ALL_AVERAGE,0.8105624,16.0702308,16.2324344,98830.48,62,"[28, 24, 20, 16, 12]","[True, False]",[8],4,none,512
25,CBOSS_Dilation,ALL_AVERAGE,0.8104784,22.214588,15.0924208,8455.44,42,"[28, 24, 20, 16, 12]","[True, False]","[6, 8]",4,chi2,512
25,CBOSS_Dilation,ALL_AVERAGE,0.8104064,25.32144,15.7920432,17026.56,72,"[28, 24, 20, 16, 12]","[True, False]","[6, 8]",4,chi2,256
25,CBOSS_Dilation,ALL_AVERAGE,0.8103676,17.6183908,16.4079696,34428.24,42,"[28, 24, 20, 16, 12]","[True, False]","[4, 6]",6,none,256
25,CBOSS_Dilation,ALL_AVERAGE,0.810352,18.0623156,15.391716,22083.68,92,"[28, 24, 20, 16, 12]","[True, False]",[6],4,random,256
25,CBOSS_Dilation,ALL_AVERAGE,0.8103036,2.4292216,16.0267752,768,12,"[28, 24, 20, 16, 12]","[True, False]",[6],2,none,256
25,CBOSS_Dilation,ALL_AVERAGE,0.8102432,25.5456008,15.9003988,34505.28,72,"[28, 24, 20, 16, 12]","[True, False]","[6, 8]",6,random,512
25,CBOSS_Dilation,ALL_AVERAGE,0.8102236,9.778394,15.600006,4837.12,32,"[28, 24, 20, 16, 12]","[True, False]",[6],4,chi2,256
25,CBOSS_Dilation,ALL_AVERAGE,0.810012,15.215316,15.7790388,33148.8,72,"[28, 24, 20, 16, 12]","[True, False]",[6],6,random,512
25,CBOSS_Dilation,ALL_AVERAGE,0.81,17.365178,16.1113376,42158.08,92,"[28, 24, 20, 16, 12]","[True, False]",[6],6,random,512
25,CBOSS_Dilation,ALL_AVERAGE,0.8098664,36.0262128,15.2069308,20016.08,62,"[28, 24, 20, 16, 12]","[True, False]","[6, 8]",6,chi2,512
25,CBOSS_Dilation,ALL_AVERAGE,0.8098476,16.6460688,15.833546,106053.12,72,"[28, 24, 20, 16, 12]","[True, False]",[8],4,none,512
25,CBOSS_Dilation,ALL_AVERAGE,0.8096584,9.4425108,16.5084392,3435.52,22,"[28, 24, 20, 16, 12]","[True, False]","[6, 8]",2,none,256
25,CBOSS_Dilation,ALL_AVERAGE,0.8095628,13.5628332,16.3295208,7860.48,32,"[28, 24, 20, 16, 12]","[True, False]","[6, 8]",4,random,256
25,CBOSS_Dilation,ALL_AVERAGE,0.8094544,25.2287024,15.624712,87139.76,82,"[28, 24, 20, 16, 12]","[True, False]","[6, 8]",4,none,512
25,CBOSS_Dilation,ALL_AVERAGE,0.8094408,16.4409684,15.4696144,10547.04,42,"[28, 24, 20, 16, 12]","[True, False]","[6, 8]",6,random,256
25,CBOSS_Dilation,ALL_AVERAGE,0.8093776,17.4762384,16.6472956,14862.96,42,"[28, 24, 20, 16, 12]","[True, False]","[4, 6]",4,none,512
25,CBOSS_Dilation,ALL_AVERAGE,0.8091532,16.3717764,15.7622988,20828,82,"[28, 24, 20, 16, 12]","[True, False]",[8],4,random,256
25,CBOSS_Dilation,ALL_AVERAGE,0.8091412,1.1910552,11.5940172,75.52,2,"[28, 24, 20, 16, 12]","[True, False]","[6, 8]",2,chi2,512
25,CBOSS_Dilation,ALL_AVERAGE,0.8090636,11.174982,15.1505392,12991.68,52,"[28, 24, 20, 16, 12]","[True, False]",[6],4,random,256
25,CBOSS_Dilation,ALL_AVERAGE,0.8088872,14.3698072,16.2327868,75555.68,62,"[28, 24, 20, 16, 12]","[True, False]",[6],6,none,256
25,CBOSS_Dilation,ALL_AVERAGE,0.8087516,13.4744232,16.46756,2423.04,32,"[28, 24, 20, 16, 12]","[True, False]","[6, 8]",2,random,256
25,CBOSS_Dilation,ALL_AVERAGE,0.8087424,16.004062,16.0083936,29149.36,82,"[28, 24, 20, 16, 12]","[True, False]",[6],4,random,512
25,CBOSS_Dilation,ALL_AVERAGE,0.808634,16.9387544,16.5843384,42396.48,42,"[28, 24, 20, 16, 12]","[True, False]","[4, 6]",6,none,512
25,CBOSS_Dilation,ALL_AVERAGE,0.8085984,14.9870692,16.2153232,97425.84,82,"[28, 24, 20, 16, 12]","[True, False]",[6],6,none,512
25,CBOSS_Dilation,ALL_AVERAGE,0.8085656,6.5194248,15.7957668,428.64,12,"[28, 24, 20, 16, 12]","[True, False]","[6, 8]",2,chi2,256
25,CBOSS_Dilation,ALL_AVERAGE,0.8083684,18.6083516,15.76481,3901.44,32,"[28, 24, 20, 16, 12]","[True, False]","[4, 6]",6,chi2,512
25,CBOSS_Dilation,ALL_AVERAGE,0.808258,10.2368284,16.7224732,1985.28,22,"[28, 24, 20, 16, 12]","[True, False]","[6, 8]",2,random,256
25,CBOSS_Dilation,ALL_AVERAGE,0.8079416,0.4391352,6.1849992,128,2,"[28, 24, 20, 16, 12]","[True, False]",[6],2,none,512
25,CBOSS_Dilation,ALL_AVERAGE,0.8077768,1.7261328,11.6961776,63.84,2,"[28, 24, 20, 16, 12]","[True, False]","[6, 8]",2,chi2,256
25,CBOSS_Dilation,ALL_AVERAGE,0.8077612,16.0309288,16.1246832,23570.08,82,"[28, 24, 20, 16, 12]","[True, False]","[4, 6]",4,none,512
25,CBOSS_Dilation,ALL_AVERAGE,0.8077012,4.5254896,16.0185516,1408,22,"[28, 24, 20, 16, 12]","[True, False]",[6],2,none,512
25,CBOSS_Dilation,ALL_AVERAGE,0.8074364,10.4778312,15.7706688,748,22,"[28, 24, 20, 16, 12]","[True, False]","[6, 8]",2,chi2,512
25,CBOSS_Dilation,ALL_AVERAGE,0.8073804,4.9993304,16.2653676,2058.24,12,"[28, 24, 20, 16, 12]","[True, False]","[6, 8]",2,none,512
25,CBOSS_Dilation,ALL_AVERAGE,0.8073172,18.1877924,15.5368776,7195.76,22,"[28, 24, 20, 16, 12]","[True, False]","[6, 8]",6,chi2,256
25,CBOSS_Dilation,ALL_AVERAGE,0.807272,23.9694412,15.9390652,44575.84,92,"[28, 24, 20, 16, 12]","[True, False]","[6, 8]",6,random,512
25,CBOSS_Dilation,ALL_AVERAGE,0.8072144,20.990948,15.860748,13228.32,62,"[28, 24, 20, 16, 12]","[True, False]","[4, 6]",6,random,256
25,CBOSS_Dilation,ALL_AVERAGE,0.8071904,20.098134,15.3113404,15387.84,72,"[28, 24, 20, 16, 12]","[True, False]","[4, 6]",6,random,256
25,CBOSS_Dilation,ALL_AVERAGE,0.8071544,16.3612564,16.1243004,8702.4,42,"[28, 24, 20, 16, 12]","[True, False]","[4, 6]",6,random,256
25,CBOSS_Dilation,ALL_AVERAGE,0.8071528,11.3652232,15.8402448,8277.76,32,"[28, 24, 20, 16, 12]","[True, False]",[8],4,chi2,256
25,CBOSS_Dilation,ALL_AVERAGE,0.8070944,16.6502472,16.610086,16522.8,42,"[28, 24, 20, 16, 12]","[True, False]","[4, 6]",4,none,256
25,CBOSS_Dilation,ALL_AVERAGE,0.8069568,9.197578,14.7267172,16563.12,42,"[28, 24, 20, 16, 12]","[True, False]",[6],4,random,512
25,CBOSS_Dilation,ALL_AVERAGE,0.8066508,17.468034,15.9795552,124249.68,82,"[28, 24, 20, 16, 12]","[True, False]",[8],4,none,256
25,CBOSS_Dilation,ALL_AVERAGE,0.8066364,22.957652,16.438004,21564.8,92,"[28, 24, 20, 16, 12]","[True, False]","[4, 6]",6,random,256
25,CBOSS_Dilation,ALL_AVERAGE,0.8065768,0.8298156,11.8903852,81.92,2,"[28, 24, 20, 16, 12]","[True, False]","[4, 6]",2,none,512
25,CBOSS_Dilation,ALL_AVERAGE,0.8065412,18.7878264,16.5971972,50675.04,52,"[28, 24, 20, 16, 12]","[True, False]","[4, 6]",6,none,256
25,CBOSS_Dilation,ALL_AVERAGE,0.806492,11.619714,15.7175268,9679.36,32,"[28, 24, 20, 16, 12]","[True, False]",[6],6,chi2,256
25,CBOSS_Dilation,ALL_AVERAGE,0.8064116,23.42828,16.8067992,57731.92,62,"[28, 24, 20, 16, 12]","[True, False]","[6, 8]",4,none,512
25,CBOSS_Dilation,ALL_AVERAGE,0.8063496,1.9078436,12.277194,70.4,2,"[28, 24, 20, 16, 12]","[True, False]","[4, 6]",2,none,256
25,CBOSS_Dilation,ALL_AVERAGE,0.8062928,10.9833612,16.6167772,54984.72,42,"[28, 24, 20, 16, 12]","[True, False]",[6],6,none,256
25,CBOSS_Dilation,ALL_AVERAGE,0.8062268,18.3471228,16.8915412,12836.88,42,"[28, 24, 20, 16, 12]","[True, False]","[4, 6]",4,random,512
25,CBOSS_Dilation,ALL_AVERAGE,0.8061764,20.0200328,16.8422384,63469.12,52,"[28, 24, 20, 16, 12]","[True, False]","[6, 8]",4,none,512
25,CBOSS_Dilation,ALL_AVERAGE,0.8060996,4.5911832,15.9420112,537.6,12,"[28, 24, 20, 16, 12]","[True, False]","[4, 6]",2,none,512
25,CBOSS_Dilation,ALL_AVERAGE,0.8060884,4.7873424,16.45747,5632,22,"[28, 24, 20, 16, 12]","[True, False]",[8],2,none,256
25,CBOSS_Dilation,ALL_AVERAGE,0.8060804,14.9958724,16.6027704,17408.16,42,"[28, 24, 20, 16, 12]","[True, False]","[4, 6]",6,random,512
25,CBOSS_Dilation,ALL_AVERAGE,0.80597,37.037742,15.6649696,17270.24,52,"[28, 24, 20, 16, 12]","[True, False]","[6, 8]",6,chi2,256
25,CBOSS_Dilation,ALL_AVERAGE,0.8057084,9.2631292,15.797368,4138.64,22,"[28, 24, 20, 16, 12]","[True, False]",[6],6,chi2,512
25,CBOSS_Dilation,ALL_AVERAGE,0.8054636,8.8369148,16.1781232,943.36,22,"[28, 24, 20, 16, 12]","[True, False]","[4, 6]",2,none,512
25,CBOSS_Dilation,ALL_AVERAGE,0.8052944,14.4847864,15.9440656,27682.56,72,"[28, 24, 20, 16, 12]","[True, False]",[6],4,random,512
25,CBOSS_Dilation,ALL_AVERAGE,0.8052788,11.496928,14.623718,7699.44,42,"[28, 24, 20, 16, 12]","[True, False]",[6],4,chi2,512
25,CBOSS_Dilation,ALL_AVERAGE,0.8052288,11.7090396,15.4261304,9623.04,32,"[28, 24, 20, 16, 12]","[True, False]",[6],6,chi2,512
25,CBOSS_Dilation,ALL_AVERAGE,0.8051584,0.4484536,5.9533852,495.76,2,"[28, 24, 20, 16, 12]","[True, False]",[6],6,random,256
25,CBOSS_Dilation,ALL_AVERAGE,0.805148,18.9767504,16.1231872,6978.4,52,"[28, 24, 20, 16, 12]","[True, False]","[4, 6]",4,random,256
25,CBOSS_Dilation,ALL_AVERAGE,0.8051468,25.3932224,16.0579896,38076.96,92,"[28, 24, 20, 16, 12]","[True, False]","[6, 8]",4,random,512
25,CBOSS_Dilation,ALL_AVERAGE,0.8051432,19.27404,16.3947872,12278.24,52,"[28, 24, 20, 16, 12]","[True, False]","[4, 6]",4,random,512
25,CBOSS_Dilation,ALL_AVERAGE,0.8051408,0.4887332,6.1244828,960.24,2,"[28, 24, 20, 16, 12]","[True, False]",[6],6,random,512
25,CBOSS_Dilation,ALL_AVERAGE,0.804844,23.5622268,16.9448916,104133.12,52,"[28, 24, 20, 16, 12]","[True, False]","[6, 8]",6,none,512
25,CBOSS_Dilation,ALL_AVERAGE,0.8048364,23.0419604,15.8315996,18504,72,"[28, 24, 20, 16, 12]","[True, False]","[4, 6]",4,none,512
25,CBOSS_Dilation,ALL_AVERAGE,0.804706,28.6846008,16.418338,17432.16,92,"[28, 24, 20, 16, 12]","[True, False]","[4, 6]",4,random,512
25,CBOSS_Dilation,ALL_AVERAGE,0.804694,20.84351,15.9955272,7306.32,42,"[28, 24, 20, 16, 12]","[True, False]","[4, 6]",6,chi2,256
25,CBOSS_Dilation,ALL_AVERAGE,0.8046372,11.6234248,15.9848596,105818.16,42,"[28, 24, 20, 16, 12]","[True, False]",[8],6,none,256
25,CBOSS_Dilation,ALL_AVERAGE,0.8045404,9.4009556,16.7806008,84529.92,32,"[28, 24, 20, 16, 12]","[True, False]",[8],6,none,256
25,CBOSS_Dilation,ALL_AVERAGE,0.8044512,28.2079464,16.5976768,178766.56,82,"[28, 24, 20, 16, 12]","[True, False]","[6, 8]",6,none,512
25,CBOSS_Dilation,ALL_AVERAGE,0.8042832,7.3059128,16.1247004,1159.84,22,"[28, 24, 20, 16, 12]","[True, False]",[8],2,chi2,256
25,CBOSS_Dilation,ALL_AVERAGE,0.8041868,20.8997584,16.837734,76078.08,72,"[28, 24, 20, 16, 12]","[True, False]","[4, 6]",6,none,256
25,CBOSS_Dilation,ALL_AVERAGE,0.8041076,13.857178,16.4618232,12830.72,32,"[28, 24, 20, 16, 12]","[True, False]","[4, 6]",6,random,512
25,CBOSS_Dilation,ALL_AVERAGE,0.8040028,4.7631884,15.9598116,283.2,12,"[28, 24, 20, 16, 12]","[True, False]","[4, 6]",2,random,256
25,CBOSS_Dilation,ALL_AVERAGE,0.8039692,20.9546436,16.4715688,53667.2,62,"[28, 24, 20, 16, 12]","[True, False]","[4, 6]",6,none,256
25,CBOSS_Dilation,ALL_AVERAGE,0.8039068,9.1789728,15.6775236,20685.84,42,"[28, 24, 20, 16, 12]","[True, False]",[8],6,random,512
25,CBOSS_Dilation,ALL_AVERAGE,0.803898,22.9968828,16.440016,34904.8,92,"[28, 24, 20, 16, 12]","[True, False]","[4, 6]",6,random,512
25,CBOSS_Dilation,ALL_AVERAGE,0.8037256,0.8585416,11.67448,512,2,"[28, 24, 20, 16, 12]","[True, False]","[6, 8]",6,random,256
25,CBOSS_Dilation,ALL_AVERAGE,0.8036784,7.027726,16.5424452,8192,32,"[28, 24, 20, 16, 12]","[True, False]",[8],2,none,512
25,CBOSS_Dilation,ALL_AVERAGE,0.803676,24.4086232,15.4689808,9381.84,62,"[28, 24, 20, 16, 12]","[True, False]","[4, 6]",6,chi2,512
25,CBOSS_Dilation,ALL_AVERAGE,0.8033324,12.7242688,16.6775212,74366.24,52,"[28, 24, 20, 16, 12]","[True, False]",[6],6,none,512
25,CBOSS_Dilation,ALL_AVERAGE,0.8032576,9.8584296,17.0283968,5285.28,42,"[28, 24, 20, 16, 12]","[True, False]",[8],2,random,256
25,CBOSS_Dilation,ALL_AVERAGE,0.8031888,24.7221072,15.322498,13952.48,62,"[28, 24, 20, 16, 12]","[True, False]","[6, 8]",4,chi2,512
25,CBOSS_Dilation,ALL_AVERAGE,0.80297,0.420116,6.0474668,84.08,2,"[28, 24, 20, 16, 12]","[True, False]",[6],2,random,512
25,CBOSS_Dilation,ALL_AVERAGE,0.8029236,4.600482,15.8433228,491.52,12,"[28, 24, 20, 16, 12]","[True, False]","[4, 6]",2,none,256
25,CBOSS_Dilation,ALL_AVERAGE,0.802892,11.3858216,16.2363756,19656,52,"[28, 24, 20, 16, 12]","[True, False]",[6],4,random,512
25,CBOSS_Dilation,ALL_AVERAGE,0.802708,26.4158392,16.6251284,65642.64,82,"[28, 24, 20, 16, 12]","[True, False]","[6, 8]",4,none,256
25,CBOSS_Dilation,ALL_AVERAGE,0.8027076,16.3644664,16.634008,19089.6,82,"[28, 24, 20, 16, 12]","[True, False]",[6],4,random,256
25,CBOSS_Dilation,ALL_AVERAGE,0.8026812,18.1082928,17.3710332,106948.8,72,"[28, 24, 20, 16, 12]","[True, False]",[8],4,none,256
25,CBOSS_Dilation,ALL_AVERAGE,0.802594,2.767768,15.5916992,5979.36,12,"[28, 24, 20, 16, 12]","[True, False]",[8],6,random,512
25,CBOSS_Dilation,ALL_AVERAGE,0.8025644,23.0101272,17.224712,106516.8,52,"[28, 24, 20, 16, 12]","[True, False]","[6, 8]",6,none,256
25,CBOSS_Dilation,ALL_AVERAGE,0.8025512,5.9230516,16.5350288,1597.44,12,"[28, 24, 20, 16, 12]","[True, False]","[6, 8]",2,none,256
25,CBOSS_Dilation,ALL_AVERAGE,0.8025388,11.22177,14.920536,7926.24,42,"[28, 24, 20, 16, 12]","[True, False]",[6],4,chi2,256
25,CBOSS_Dilation,ALL_AVERAGE,0.802372,2.5331924,16.0550348,490.56,12,"[28, 24, 20, 16, 12]","[True, False]",[6],2,random,512
25,CBOSS_Dilation,ALL_AVERAGE,0.8021812,4.9207452,16.361398,2998.16,22,"[28, 24, 20, 16, 12]","[True, False]",[8],2,random,512
25,CBOSS_Dilation,ALL_AVERAGE,0.8021768,26.2144716,16.7955456,27522.72,92,"[28, 24, 20, 16, 12]","[True, False]","[4, 6]",4,none,256
25,CBOSS_Dilation,ALL_AVERAGE,0.802164,13.7503872,16.1946952,32472,72,"[28, 24, 20, 16, 12]","[True, False]",[6],4,none,512
25,CBOSS_Dilation,ALL_AVERAGE,0.8021584,0.4312884,6.131034,128,2,"[28, 24, 20, 16, 12]","[True, False]",[6],2,none,256
25,CBOSS_Dilation,ALL_AVERAGE,0.802086,0.8253876,11.8794812,55.04,2,"[28, 24, 20, 16, 12]","[True, False]","[4, 6]",2,random,512
25,CBOSS_Dilation,ALL_AVERAGE,0.8020832,14.1243416,16.720032,4997.12,32,"[28, 24, 20, 16, 12]","[True, False]","[6, 8]",2,none,256
25,CBOSS_Dilation,ALL_AVERAGE,0.8020396,19.9787632,16.2385184,17213.68,62,"[28, 24, 20, 16, 12]","[True, False]","[4, 6]",4,none,256
25,CBOSS_Dilation,ALL_AVERAGE,0.801842,19.8056468,16.6769576,56546.88,52,"[28, 24, 20, 16, 12]","[True, False]","[6, 8]",4,none,256
25,CBOSS_Dilation,ALL_AVERAGE,0.8017956,13.464668,16.3187244,3500.8,32,"[28, 24, 20, 16, 12]","[True, False]","[6, 8]",2,random,512
25,CBOSS_Dilation,ALL_AVERAGE,0.801704,17.0119372,15.7060828,39566.64,82,"[28, 24, 20, 16, 12]","[True, False]",[8],4,random,512
25,CBOSS_Dilation,ALL_AVERAGE,0.8016764,10.718262,15.7472908,60085.2,42,"[28, 24, 20, 16, 12]","[True, False]",[8],4,none,256
25,CBOSS_Dilation,ALL_AVERAGE,0.801468,23.1974284,16.3839964,11027.52,72,"[28, 24, 20, 16, 12]","[True, False]","[4, 6]",4,random,256
25,CBOSS_Dilation,ALL_AVERAGE,0.8014128,29.7807608,15.9511108,18204,82,"[28, 24, 20, 16, 12]","[True, False]","[6, 8]",4,chi2,512
25,CBOSS_Dilation,ALL_AVERAGE,0.8013844,0.5028024,6.263674,512,2,"[28, 24, 20, 16, 12]","[True, False]",[8],2,none,256
25,CBOSS_Dilation,ALL_AVERAGE,0.8013608,15.8881136,16.0326088,10254.8,62,"[28, 24, 20, 16, 12]","[True, False]",[6],4,chi2,256
25,CBOSS_Dilation,ALL_AVERAGE,0.8012072,22.2826736,16.40425,15586.56,82,"[28, 24, 20, 16, 12]","[True, False]","[4, 6]",4,random,256
25,CBOSS_Dilation,ALL_AVERAGE,0.8011428,23.09211,17.1045936,117628.88,62,"[28, 24, 20, 16, 12]","[True, False]","[6, 8]",6,none,256
25,CBOSS_Dilation,ALL_AVERAGE,0.8010212,7.0613996,16.5344448,8192,32,"[28, 24, 20, 16, 12]","[True, False]",[8],2,none,256
25,CBOSS_Dilation,ALL_AVERAGE,0.8010064,21.157966,15.9949776,21513.6,72,"[28, 24, 20, 16, 12]","[True, False]",[6],6,chi2,512
25,CBOSS_Dilation,ALL_AVERAGE,0.8009616,5.7020308,15.5436044,443.52,22,"[28, 24, 20, 16, 12]","[True, False]",[6],2,chi2,256
25,CBOSS_Dilation,ALL_AVERAGE,0.8006648,1.9704176,6.0501564,117.36,2,"[28, 24, 20, 16, 12]","[True, False]",[8],2,chi2,256
25,CBOSS_Dilation,ALL_AVERAGE,0.8006628,23.6558636,17.2272056,169231.6,82,"[28, 24, 20, 16, 12]","[True, False]","[6, 8]",6,none,256
25,CBOSS_Dilation,ALL_AVERAGE,0.80062,29.2591144,16.6842572,199754.08,92,"[28, 24, 20, 16, 12]","[True, False]","[6, 8]",6,none,512
25,CBOSS_Dilation,ALL_AVERAGE,0.80058,15.8267652,16.1900804,85878.72,72,"[28, 24, 20, 16, 12]","[True, False]",[6],6,none,256
25,CBOSS_Dilation,ALL_AVERAGE,0.8004828,15.991552,16.2674364,7308,42,"[28, 24, 20, 16, 12]","[True, False]","[4, 6]",4,random,256
25,CBOSS_Dilation,ALL_AVERAGE,0.8004556,14.7248776,16.7887032,76393.92,62,"[28, 24, 20, 16, 12]","[True, False]",[8],4,none,256
25,CBOSS_Dilation,ALL_AVERAGE,0.800438,23.9634364,16.1228536,14705.28,92,"[28, 24, 20, 16, 12]","[True, False]","[4, 6]",4,random,256
25,CBOSS_Dilation,ALL_AVERAGE,0.8004376,2.8567288,6.0932308,97.44,2,"[28, 24, 20, 16, 12]","[True, False]",[8],2,chi2,512
25,CBOSS_Dilation,ALL_AVERAGE,0.8004136,13.0577036,16.3674188,4505.6,32,"[28, 24, 20, 16, 12]","[True, False]","[6, 8]",2,none,512
25,CBOSS_Dilation,ALL_AVERAGE,0.8004124,23.7990096,15.611094,77988.56,62,"[28, 24, 20, 16, 12]","[True, False]","[6, 8]",4,none,256
25,CBOSS_Dilation,ALL_AVERAGE,0.8003808,24.4722524,16.1533888,87797.44,92,"[28, 24, 20, 16, 12]","[True, False]","[6, 8]",4,none,256
25,CBOSS_Dilation,ALL_AVERAGE,0.8001664,26.5938732,15.6039176,13657.36,62,"[28, 24, 20, 16, 12]","[True, False]","[6, 8]",4,chi2,256
25,CBOSS_Dilation,ALL_AVERAGE,0.8001092,14.258772,17.196586,145319.2,52,"[28, 24, 20, 16, 12]","[True, False]",[8],6,none,256
25,CBOSS_Dilation,ALL_AVERAGE,0.8000664,25.3301088,15.6948284,9536.8,52,"[28, 24, 20, 16, 12]","[True, False]","[4, 6]",6,chi2,512
25,CBOSS_Dilation,ALL_AVERAGE,0.8000632,21.5146244,16.9384428,56934.72,72,"[28, 24, 20, 16, 12]","[True, False]","[6, 8]",4,none,512
25,CBOSS_Dilation,ALL_AVERAGE,0.7997048,8.958732,15.8622268,10752,42,"[28, 24, 20, 16, 12]","[True, False]",[8],2,none,256
25,CBOSS_Dilation,ALL_AVERAGE,0.7996896,29.3300236,15.3062864,17636.56,82,"[28, 24, 20, 16, 12]","[True, False]","[4, 6]",6,chi2,256
25,CBOSS_Dilation,ALL_AVERAGE,0.7994768,21.6475448,15.517562,30176,82,"[28, 24, 20, 16, 12]","[True, False]","[4, 6]",6,random,512
25,CBOSS_Dilation,ALL_AVERAGE,0.7993612,25.1962812,14.7646296,9605.44,52,"[28, 24, 20, 16, 12]","[True, False]","[4, 6]",6,chi2,256
25,CBOSS_Dilation,ALL_AVERAGE,0.7991852,14.6067456,16.4663328,96315.76,62,"[28, 24, 20, 16, 12]","[True, False]",[6],6,none,512
25,CBOSS_Dilation,ALL_AVERAGE,0.7991572,5.5362616,15.6783912,1258.4,22,"[28, 24, 20, 16, 12]","[True, False]",[8],2,chi2,512
25,CBOSS_Dilation,ALL_AVERAGE,0.7991296,27.8232524,15.8415924,79844.96,92,"[28, 24, 20, 16, 12]","[True, False]","[4, 6]",6,none,512
25,CBOSS_Dilation,ALL_AVERAGE,0.798906,7.984862,15.7262552,1551.36,32,"[28, 24, 20, 16, 12]","[True, False]",[8],2,chi2,512
25,CBOSS_Dilation,ALL_AVERAGE,0.7988648,15.8664832,15.6247112,3586.8,42,"[28, 24, 20, 16, 12]","[True, False]","[6, 8]",2,random,256
25,CBOSS_Dilation,ALL_AVERAGE,0.7986416,8.7900476,15.9961368,542.08,22,"[28, 24, 20, 16, 12]","[True, False]","[4, 6]",2,random,256
25,CBOSS_Dilation,ALL_AVERAGE,0.7985148,25.6782064,15.8178284,13243.36,52,"[28, 24, 20, 16, 12]","[True, False]","[6, 8]",4,chi2,512
25,CBOSS_Dilation,ALL_AVERAGE,0.798448,11.1820172,16.09658,861.52,22,"[28, 24, 20, 16, 12]","[True, False]","[6, 8]",2,chi2,256
25,CBOSS_Dilation,ALL_AVERAGE,0.7984356,17.4320596,16.4771616,51788.64,92,"[28, 24, 20, 16, 12]","[True, False]",[6],4,none,256
25,CBOSS_Dilation,ALL_AVERAGE,0.7984308,1.882678,12.478814,67.28,2,"[28, 24, 20, 16, 12]","[True, False]","[4, 6]",2,random,256
25,CBOSS_Dilation,ALL_AVERAGE,0.7982164,11.7822864,16.2473492,13312,52,"[28, 24, 20, 16, 12]","[True, False]",[8],2,none,256
25,CBOSS_Dilation,ALL_AVERAGE,0.7982112,19.6286544,16.0408676,4957.68,42,"[28, 24, 20, 16, 12]","[True, False]","[4, 6]",4,chi2,256
25,CBOSS_Dilation,ALL_AVERAGE,0.7980368,25.9378852,15.62773,11118.08,32,"[28, 24, 20, 16, 12]","[True, False]","[6, 8]",6,chi2,256
25,CBOSS_Dilation,ALL_AVERAGE,0.79797,19.7944708,16.643274,129771.52,92,"[28, 24, 20, 16, 12]","[True, False]",[8],4,none,512
25,CBOSS_Dilation,ALL_AVERAGE,0.7977836,11.7538432,16.244164,123216.24,42,"[28, 24, 20, 16, 12]","[True, False]",[8],6,none,512
25,CBOSS_Dilation,ALL_AVERAGE,0.797764,22.8640656,16.0126372,6636,42,"[28, 24, 20, 16, 12]","[True, False]","[4, 6]",6,chi2,512
25,CBOSS_Dilation,ALL_AVERAGE,0.797668,12.425716,15.915354,943.36,32,"[28, 24, 20, 16, 12]","[True, False]","[4, 6]",2,random,512
25,CBOSS_Dilation,ALL_AVERAGE,0.7974948,16.39924,16.1775976,114334.24,82,"[28, 24, 20, 16, 12]","[True, False]",[6],6,none,256
25,CBOSS_Dilation,ALL_AVERAGE,0.7973084,19.3105624,16.4668068,142842.88,92,"[28, 24, 20, 16, 12]","[True, False]",[6],6,none,256
25,CBOSS_Dilation,ALL_AVERAGE,0.7972472,5.7228636,16.6727924,929.28,22,"[28, 24, 20, 16, 12]","[True, False]",[6],2,random,256
25,CBOSS_Dilation,ALL_AVERAGE,0.7972108,19.9911944,14.8221568,17372.4,62,"[28, 24, 20, 16, 12]","[True, False]",[6],6,chi2,512
25,CBOSS_Dilation,ALL_AVERAGE,0.79712,15.7719248,16.7844608,102052.8,72,"[28, 24, 20, 16, 12]","[True, False]",[6],6,none,512
25,CBOSS_Dilation,ALL_AVERAGE,0.7970156,15.74542,15.1569328,7203.84,42,"[28, 24, 20, 16, 12]","[True, False]","[6, 8]",2,none,512
25,CBOSS_Dilation,ALL_AVERAGE,0.7970072,5.5167964,16.4082936,1408,22,"[28, 24, 20, 16, 12]","[True, False]",[6],2,none,256
25,CBOSS_Dilation,ALL_AVERAGE,0.797002,9.7064484,15.3938656,277.2,22,"[28, 24, 20, 16, 12]","[True, False]","[4, 6]",2,chi2,512
25,CBOSS_Dilation,ALL_AVERAGE,0.7969612,24.9943556,16.7803916,91470.08,92,"[28, 24, 20, 16, 12]","[True, False]","[6, 8]",4,none,512
25,CBOSS_Dilation,ALL_AVERAGE,0.796956,16.317204,16.4821024,151384.16,62,"[28, 24, 20, 16, 12]","[True, False]",[8],6,none,512
25,CBOSS_Dilation,ALL_AVERAGE,0.796934,21.2182332,17.0413328,244917.6,82,"[28, 24, 20, 16, 12]","[True, False]",[8],6,none,512
25,CBOSS_Dilation,ALL_AVERAGE,0.7965832,28.5136896,15.7163516,14453.44,62,"[28, 24, 20, 16, 12]","[True, False]","[4, 6]",6,chi2,256
25,CBOSS_Dilation,ALL_AVERAGE,0.7965752,25.7185548,16.2617092,172575.36,72,"[28, 24, 20, 16, 12]","[True, False]","[6, 8]",6,none,512
25,CBOSS_Dilation,ALL_AVERAGE,0.7965288,23.973948,15.1724224,25991.84,92,"[28, 24, 20, 16, 12]","[True, False]",[8],4,chi2,256
25,CBOSS_Dilation,ALL_AVERAGE,0.7965228,19.4671008,15.5492072,197065.68,82,"[28, 24, 20, 16, 12]","[True, False]",[8],6,none,256
25,CBOSS_Dilation,ALL_AVERAGE,0.7963864,14.7992516,15.5750724,14997.36,42,"[28, 24, 20, 16, 12]","[True, False]",[6],6,chi2,512
25,CBOSS_Dilation,ALL_AVERAGE,0.7963376,12.762528,16.8507308,74954.88,52,"[28, 24, 20, 16, 12]","[True, False]",[8],4,none,512
25,CBOSS_Dilation,ALL_AVERAGE,0.7961828,9.0683416,16.3888388,5214.72,42,"[28, 24, 20, 16, 12]","[True, False]",[8],2,random,512
25,CBOSS_Dilation,ALL_AVERAGE,0.7961168,13.1702316,15.3362568,30818.96,62,"[28, 24, 20, 16, 12]","[True, False]",[8],6,random,512
25,CBOSS_Dilation,ALL_AVERAGE,0.7960456,18.48485,16.9572164,22601.28,52,"[28, 24, 20, 16, 12]","[True, False]","[4, 6]",4,none,256
25,CBOSS_Dilation,ALL_AVERAGE,0.7959636,20.926158,15.7134456,4808.96,52,"[28, 24, 20, 16, 12]","[True, False]","[4, 6]",4,chi2,512
25,CBOSS_Dilation,ALL_AVERAGE,0.795864,16.9004116,15.6996468,3885.84,42,"[28, 24, 20, 16, 12]","[True, False]","[4, 6]",4,chi2,512
25,CBOSS_Dilation,ALL_AVERAGE,0.795846,8.5497684,16.1754276,15842.56,32,"[28, 24, 20, 16, 12]","[True, False]",[8],6,random,512
25,CBOSS_Dilation,ALL_AVERAGE,0.7958,13.7231908,16.4275188,37410.8,62,"[28, 24, 20, 16, 12]","[True, False]",[6],4,none,512
25,CBOSS_Dilation,ALL_AVERAGE,0.7957592,12.691714,16.7051772,37941.52,62,"[28, 24, 20, 16, 12]","[True, False]",[6],4,none,256
25,CBOSS_Dilation,ALL_AVERAGE,0.7957392,14.33961,15.7873932,7309.12,52,"[28, 24, 20, 16, 12]","[True, False]",[6],4,chi2,256
25,CBOSS_Dilation,ALL_AVERAGE,0.7956532,18.6679136,15.180868,11851.84,52,"[28, 24, 20, 16, 12]","[True, False]","[4, 6]",6,random,256
25,CBOSS_Dilation,ALL_AVERAGE,0.7954612,28.8438564,15.8423596,19673.28,92,"[28, 24, 20, 16, 12]","[True, False]","[6, 8]",4,chi2,512
25,CBOSS_Dilation,ALL_AVERAGE,0.7954564,15.4537584,15.915456,13240.64,92,"[28, 24, 20, 16, 12]","[True, False]",[8],2,random,512
25,CBOSS_Dilation,ALL_AVERAGE,0.7953888,21.1960188,15.004162,6556.16,52,"[28, 24, 20, 16, 12]","[True, False]","[4, 6]",4,chi2,256
25,CBOSS_Dilation,ALL_AVERAGE,0.7953116,19.9121276,16.3876416,197435.52,72,"[28, 24, 20, 16, 12]","[True, False]",[8],6,none,512
25,CBOSS_Dilation,ALL_AVERAGE,0.7952688,16.73759,16.733148,36450.4,92,"[28, 24, 20, 16, 12]","[True, False]",[6],4,random,512
25,CBOSS_Dilation,ALL_AVERAGE,0.7951176,23.9305936,14.4773564,22464,72,"[28, 24, 20, 16, 12]","[True, False]",[6],6,chi2,256
25,CBOSS_Dilation,ALL_AVERAGE,0.795096,21.7058712,16.4410372,26299.04,82,"[28, 24, 20, 16, 12]","[True, False]","[4, 6]",4,none,256
25,CBOSS_Dilation,ALL_AVERAGE,0.7950664,18.4588308,15.4883396,9437.76,72,"[28, 24, 20, 16, 12]","[True, False]",[6],4,chi2,512
25,CBOSS_Dilation,ALL_AVERAGE,0.7949808,22.5633544,16.2244996,71156.16,72,"[28, 24, 20, 16, 12]","[True, False]","[4, 6]",6,none,512
25,CBOSS_Dilation,ALL_AVERAGE,0.7946144,8.0197112,16.6551292,3810.56,32,"[28, 24, 20, 16, 12]","[True, False]",[8],2,random,512
25,CBOSS_Dilation,ALL_AVERAGE,0.7945592,12.222034,15.52996,9125.12,32,"[28, 24, 20, 16, 12]","[True, False]",[8],4,chi2,512
25,CBOSS_Dilation,ALL_AVERAGE,0.7945164,17.4061412,15.8917908,14291.68,52,"[28, 24, 20, 16, 12]","[True, False]",[6],6,chi2,512
25,CBOSS_Dilation,ALL_AVERAGE,0.7945044,13.164982,16.7344164,8481.6,62,"[28, 24, 20, 16, 12]","[True, False]",[8],2,random,256
25,CBOSS_Dilation,ALL_AVERAGE,0.7944812,9.201362,16.4173616,552.64,22,"[28, 24, 20, 16, 12]","[True, False]","[4, 6]",2,random,512
25,CBOSS_Dilation,ALL_AVERAGE,0.7942524,23.9569356,16.01162,10862.4,62,"[28, 24, 20, 16, 12]","[True, False]","[4, 6]",4,chi2,512
25,CBOSS_Dilation,ALL_AVERAGE,0.7942156,10.0897588,16.0503748,1638.4,32,"[28, 24, 20, 16, 12]","[True, False]",[8],2,chi2,256
25,CBOSS_Dilation,ALL_AVERAGE,0.7940976,4.8438624,15.2495188,5632,22,"[28, 24, 20, 16, 12]","[True, False]",[8],6,random,256
25,CBOSS_Dilation,ALL_AVERAGE,0.7940308,15.91516,15.9591272,11459.28,42,"[28, 24, 20, 16, 12]","[True, False]",[8],4,chi2,512
25,CBOSS_Dilation,ALL_AVERAGE,0.7939848,29.562368,14.8630224,15793.92,72,"[28, 24, 20, 16, 12]","[True, False]","[6, 8]",4,chi2,512
25,CBOSS_Dilation,ALL_AVERAGE,0.7938652,17.6228808,16.5184712,166395.6,62,"[28, 24, 20, 16, 12]","[True, False]",[8],6,none,256
25,CBOSS_Dilation,ALL_AVERAGE,0.7938288,7.2138524,16.4621048,4270.08,32,"[28, 24, 20, 16, 12]","[True, False]",[8],2,random,256
25,CBOSS_Dilation,ALL_AVERAGE,0.793652,21.5148016,16.344274,41837.92,92,"[28, 24, 20, 16, 12]","[True, False]","[4, 6]",4,none,512
25,CBOSS_Dilation,ALL_AVERAGE,0.7936256,26.3896656,15.1912332,12679.68,52,"[28, 24, 20, 16, 12]","[True, False]","[6, 8]",4,chi2,256
25,CBOSS_Dilation,ALL_AVERAGE,0.793534,11.3076004,15.5846788,26403.52,52,"[28, 24, 20, 16, 12]","[True, False]",[8],6,random,512
25,CBOSS_Dilation,ALL_AVERAGE,0.793444,6.8978508,16.16054,1304.32,32,"[28, 24, 20, 16, 12]","[True, False]",[6],2,random,512
25,CBOSS_Dilation,ALL_AVERAGE,0.7932516,5.141674,15.7312604,245.28,12,"[28, 24, 20, 16, 12]","[True, False]",[6],2,chi2,256
25,CBOSS_Dilation,ALL_AVERAGE,0.7932056,12.1769032,16.0843056,1126.4,32,"[28, 24, 20, 16, 12]","[True, False]","[4, 6]",2,none,256
25,CBOSS_Dilation,ALL_AVERAGE,0.7931372,26.4042892,16.5125116,128289.6,72,"[28, 24, 20, 16, 12]","[True, False]","[6, 8]",6,none,256
25,CBOSS_Dilation,ALL_AVERAGE,0.7930436,18.351816,16.5314808,40360.32,52,"[28, 24, 20, 16, 12]","[True, False]","[4, 6]",6,none,512
25,CBOSS_Dilation,ALL_AVERAGE,0.7926876,14.45459,15.6808884,138557.12,52,"[28, 24, 20, 16, 12]","[True, False]",[8],6,none,512
25,CBOSS_Dilation,ALL_AVERAGE,0.79193,12.5533928,15.9201004,8625.44,62,"[28, 24, 20, 16, 12]","[True, False]",[8],2,random,512
25,CBOSS_Dilation,ALL_AVERAGE,0.7918464,22.5035628,15.2783416,8372.48,62,"[28, 24, 20, 16, 12]","[True, False]","[4, 6]",4,chi2,256
25,CBOSS_Dilation,ALL_AVERAGE,0.791666,9.3075632,16.5686808,10752,42,"[28, 24, 20, 16, 12]","[True, False]",[8],2,none,512
25,CBOSS_Dilation,ALL_AVERAGE,0.7916312,40.2261204,15.4635996,22705.92,72,"[28, 24, 20, 16, 12]","[True, False]","[6, 8]",6,chi2,256
25,CBOSS_Dilation,ALL_AVERAGE,0.7912688,18.5454508,15.9655796,45893.28,92,"[28, 24, 20, 16, 12]","[True, False]",[8],6,random,512
25,CBOSS_Dilation,ALL_AVERAGE,0.7912584,30.7919016,16.240308,18087.2,92,"[28, 24, 20, 16, 12]","[True, False]","[4, 6]",6,chi2,512
25,CBOSS_Dilation,ALL_AVERAGE,0.7911332,1.8830904,10.2053192,23.84,2,"[28, 24, 20, 16, 12]","[True, False]","[4, 6]",2,chi2,256
25,CBOSS_Dilation,ALL_AVERAGE,0.791034,13.7168792,15.6949704,44403.84,72,"[28, 24, 20, 16, 12]","[True, False]",[6],4,none,256
25,CBOSS_Dilation,ALL_AVERAGE,0.7908956,28.2746724,14.6967016,17274.4,52,"[28, 24, 20, 16, 12]","[True, False]","[6, 8]",6,chi2,512
25,CBOSS_Dilation,ALL_AVERAGE,0.7908312,2.7795692,15.5386584,250.56,12,"[28, 24, 20, 16, 12]","[True, False]",[6],2,chi2,512
25,CBOSS_Dilation,ALL_AVERAGE,0.7907876,29.6617248,14.6716196,9453.92,92,"[28, 24, 20, 16, 12]","[True, False]","[4, 6]",4,chi2,512
25,CBOSS_Dilation,ALL_AVERAGE,0.7907696,6.9828356,16.255896,2048,32,"[28, 24, 20, 16, 12]","[True, False]",[6],2,none,512
25,CBOSS_Dilation,ALL_AVERAGE,0.7906648,14.6664188,15.7823728,1639.68,42,"[28, 24, 20, 16, 12]","[True, False]","[4, 6]",2,none,512
25,CBOSS_Dilation,ALL_AVERAGE,0.790658,15.6991552,16.4772812,42167.68,82,"[28, 24, 20, 16, 12]","[True, False]",[6],4,none,256
25,CBOSS_Dilation,ALL_AVERAGE,0.7902696,20.8698164,14.8043844,14565.44,92,"[28, 24, 20, 16, 12]","[True, False]",[6],4,chi2,256
25,CBOSS_Dilation,ALL_AVERAGE,0.7901564,21.1210632,15.1089288,10502.8,62,"[28, 24, 20, 16, 12]","[True, False]","[4, 6]",4,random,256
25,CBOSS_Dilation,ALL_AVERAGE,0.7900984,25.3200824,15.2929392,9410.32,82,"[28, 24, 20, 16, 12]","[True, False]","[4, 6]",4,chi2,512
25,CBOSS_Dilation,ALL_AVERAGE,0.7900416,25.5888864,15.6869436,8925.12,72,"[28, 24, 20, 16, 12]","[True, False]","[4, 6]",6,chi2,512
25,CBOSS_Dilation,ALL_AVERAGE,0.7899404,16.8514204,14.6116616,15964,52,"[28, 24, 20, 16, 12]","[True, False]",[6],6,chi2,256
25,CBOSS_Dilation,ALL_AVERAGE,0.7898524,6.6556912,15.5904768,418.88,22,"[28, 24, 20, 16, 12]","[True, False]",[6],2,chi2,512
25,CBOSS_Dilation,ALL_AVERAGE,0.7895792,20.8803788,14.6576228,14635.36,92,"[28, 24, 20, 16, 12]","[True, False]",[6],4,chi2,512
25,CBOSS_Dilation,ALL_AVERAGE,0.7891124,4.7553768,16.197666,990.88,22,"[28, 24, 20, 16, 12]","[True, False]",[6],2,random,512
25,CBOSS_Dilation,ALL_AVERAGE,0.7889844,22.3127328,16.0899144,163075.52,92,"[28, 24, 20, 16, 12]","[True, False]","[6, 8]",6,none,256
25,CBOSS_Dilation,ALL_AVERAGE,0.7889712,25.029334,15.487982,26991.12,82,"[28, 24, 20, 16, 12]","[True, False]",[6],6,chi2,512
25,CBOSS_Dilation,ALL_AVERAGE,0.7889328,29.03052,14.6648144,12860.4,42,"[28, 24, 20, 16, 12]","[True, False]","[6, 8]",6,chi2,512
25,CBOSS_Dilation,ALL_AVERAGE,0.7888028,19.8230876,15.5601104,35017.92,72,"[28, 24, 20, 16, 12]","[True, False]","[4, 6]",4,none,256
25,CBOSS_Dilation,ALL_AVERAGE,0.7887788,16.2205084,15.9556108,1181.44,32,"[28, 24, 20, 16, 12]","[True, False]","[6, 8]",2,chi2,512
25,CBOSS_Dilation,ALL_AVERAGE,0.7886572,1.8604028,10.0541164,31.84,2,"[28, 24, 20, 16, 12]","[True, False]","[4, 6]",2,chi2,512
25,CBOSS_Dilation,ALL_AVERAGE,0.7885672,1.5930568,6.384158,994.8,2,"[28, 24, 20, 16, 12]","[True, False]",[8],6,random,512
25,CBOSS_Dilation,ALL_AVERAGE,0.7885444,13.8676732,16.7108152,8637.12,72,"[28, 24, 20, 16, 12]","[True, False]",[8],2,random,512
25,CBOSS_Dilation,ALL_AVERAGE,0.7885056,23.6991316,15.674204,10488,92,"[28, 24, 20, 16, 12]","[True, False]","[4, 6]",4,chi2,256
25,CBOSS_Dilation,ALL_AVERAGE,0.7884868,18.6416488,15.7856492,6371.12,62,"[28, 24, 20, 16, 12]","[True, False]","[6, 8]",2,random,256
25,CBOSS_Dilation,ALL_AVERAGE,0.7882896,5.9332936,15.2464604,137.76,12,"[28, 24, 20, 16, 12]","[True, False]","[4, 6]",2,chi2,256
25,CBOSS_Dilation,ALL_AVERAGE,0.788196,19.5375256,14.9541848,17280.64,62,"[28, 24, 20, 16, 12]","[True, False]",[8],4,chi2,256
25,CBOSS_Dilation,ALL_AVERAGE,0.7881912,16.9089208,16.1475544,4630.08,52,"[28, 24, 20, 16, 12]","[True, False]","[6, 8]",2,random,256
25,CBOSS_Dilation,ALL_AVERAGE,0.7877192,21.4548152,16.3871084,12377.68,62,"[28, 24, 20, 16, 12]","[True, False]","[4, 6]",4,random,512
25,CBOSS_Dilation,ALL_AVERAGE,0.7875872,19.9143872,16.2222492,4677.92,52,"[28, 24, 20, 16, 12]","[True, False]","[6, 8]",2,random,512
25,CBOSS_Dilation,ALL_AVERAGE,0.7875568,2.8433968,5.926086,41.36,2,"[28, 24, 20, 16, 12]","[True, False]",[6],2,chi2,256
25,CBOSS_Dilation,ALL_AVERAGE,0.7873128,16.892412,14.7757932,1273.44,42,"[28, 24, 20, 16, 12]","[True, False]","[6, 8]",2,chi2,512
25,CBOSS_Dilation,ALL_AVERAGE,0.7872552,7.899426,15.2226016,5135.04,12,"[28, 24, 20, 16, 12]","[True, False]",[8],6,chi2,512
25,CBOSS_Dilation,ALL_AVERAGE,0.787248,18.8794992,16.7846396,140793.12,92,"[28, 24, 20, 16, 12]","[True, False]",[6],6,none,512
25,CBOSS_Dilation,ALL_AVERAGE,0.7871184,25.2324784,15.963118,23747.2,82,"[28, 24, 20, 16, 12]","[True, False]",[8],4,chi2,256
25,CBOSS_Dilation,ALL_AVERAGE,0.786972,23.9538748,15.6257776,11509.76,32,"[28, 24, 20, 16, 12]","[True, False]","[6, 8]",6,chi2,512
25,CBOSS_Dilation,ALL_AVERAGE,0.786948,23.909836,16.2481184,70513.44,82,"[28, 24, 20, 16, 12]","[True, False]","[4, 6]",6,none,256
25,CBOSS_Dilation,ALL_AVERAGE,0.7866568,17.6379028,16.38734,107242.88,82,"[28, 24, 20, 16, 12]","[True, False]",[8],4,none,512
25,CBOSS_Dilation,ALL_AVERAGE,0.7864652,13.7586272,15.7979264,18432,72,"[28, 24, 20, 16, 12]","[True, False]",[8],2,none,256
25,CBOSS_Dilation,ALL_AVERAGE,0.786358,23.411002,15.6458524,24350.56,92,"[28, 24, 20, 16, 12]","[True, False]",[6],6,chi2,512
25,CBOSS_Dilation,ALL_AVERAGE,0.7863344,22.5852468,16.294156,18898.56,72,"[28, 24, 20, 16, 12]","[True, False]","[4, 6]",4,random,512
25,CBOSS_Dilation,ALL_AVERAGE,0.7863176,13.3703212,15.1537768,15710.8,62,"[28, 24, 20, 16, 12]","[True, False]",[8],6,random,256
25,CBOSS_Dilation,ALL_AVERAGE,0.7862604,26.588232,15.7974884,87201.28,92,"[28, 24, 20, 16, 12]","[True, False]","[4, 6]",6,none,256
25,CBOSS_Dilation,ALL_AVERAGE,0.7861784,25.9100848,15.5990388,12998.64,82,"[28, 24, 20, 16, 12]","[True, False]","[4, 6]",4,chi2,256
25,CBOSS_Dilation,ALL_AVERAGE,0.7861512,22.9591244,17.0501112,18456.16,62,"[28, 24, 20, 16, 12]","[True, False]","[4, 6]",4,none,512
25,CBOSS_Dilation,ALL_AVERAGE,0.7860636,22.3534868,16.4981388,8636.24,82,"[28, 24, 20, 16, 12]","[True, False]","[6, 8]",2,random,512
25,CBOSS_Dilation,ALL_AVERAGE,0.7858124,7.3865536,15.5229984,172.8,12,"[28, 24, 20, 16, 12]","[True, False]","[4, 6]",2,chi2,512
25,CBOSS_Dilation,ALL_AVERAGE,0.7856604,16.0006044,16.3732164,4359.6,42,"[28, 24, 20, 16, 12]","[True, False]","[6, 8]",2,random,512
25,CBOSS_Dilation,ALL_AVERAGE,0.78511,1.7772888,5.4844092,740.56,2,"[28, 24, 20, 16, 12]","[True, False]",[8],6,chi2,512
25,CBOSS_Dilation,ALL_AVERAGE,0.7850816,18.4334332,14.6633516,23552,92,"[28, 24, 20, 16, 12]","[True, False]",[8],6,random,256
25,CBOSS_Dilation,ALL_AVERAGE,0.785066,6.4511964,15.915274,2048,32,"[28, 24, 20, 16, 12]","[True, False]",[6],2,none,256
25,CBOSS_Dilation,ALL_AVERAGE,0.7850172,2.673734,15.1934944,3072,12,"[28, 24, 20, 16, 12]","[True, False]",[8],6,random,256
25,CBOSS_Dilation,ALL_AVERAGE,0.7849988,22.9833552,16.1684844,21339.68,82,"[28, 24, 20, 16, 12]","[True, False]","[4, 6]",4,random,512
25,CBOSS_Dilation,ALL_AVERAGE,0.7849756,18.5433056,15.0892808,15369.12,52,"[28, 24, 20, 16, 12]","[True, False]",[8],4,chi2,256
25,CBOSS_Dilation,ALL_AVERAGE,0.7849336,1.3315528,5.38534,794.16,2,"[28, 24, 20, 16, 12]","[True, False]",[8],6,chi2,256
25,CBOSS_Dilation,ALL_AVERAGE,0.7844876,8.3133572,16.0655052,774.4,22,"[28, 24, 20, 16, 12]","[True, False]","[4, 6]",2,none,256
25,CBOSS_Dilation,ALL_AVERAGE,0.7844688,17.5529476,16.2212684,8519.68,52,"[28, 24, 20, 16, 12]","[True, False]","[6, 8]",2,none,256
25,CBOSS_Dilation,ALL_AVERAGE,0.784412,10.4604984,15.5819012,2294.88,42,"[28, 24, 20, 16, 12]","[True, False]",[8],2,chi2,512
25,CBOSS_Dilation,ALL_AVERAGE,0.7842996,24.0998028,15.8827768,23125.12,92,"[28, 24, 20, 16, 12]","[True, False]","[6, 8]",6,random,256
25,CBOSS_Dilation,ALL_AVERAGE,0.7841292,12.4342088,15.1566104,2901.6,52,"[28, 24, 20, 16, 12]","[True, False]",[8],2,chi2,256
25,CBOSS_Dilation,ALL_AVERAGE,0.7834324,21.1363356,16.4504072,15779.84,92,"[28, 24, 20, 16, 12]","[True, False]","[6, 8]",2,none,256
25,CBOSS_Dilation,ALL_AVERAGE,0.7831972,16.4522732,15.2536708,12435.84,72,"[28, 24, 20, 16, 12]","[True, False]",[6],4,chi2,256
25,CBOSS_Dilation,ALL_AVERAGE,0.7831248,10.9446756,16.0964792,13312,52,"[28, 24, 20, 16, 12]","[True, False]",[8],2,none,512
25,CBOSS_Dilation,ALL_AVERAGE,0.7830312,12.042242,15.59465,6267.04,52,"[28, 24, 20, 16, 12]","[True, False]",[8],2,random,512
25,CBOSS_Dilation,ALL_AVERAGE,0.78291,28.4371864,15.917436,21583.44,62,"[28, 24, 20, 16, 12]","[True, False]","[6, 8]",6,chi2,256
25,CBOSS_Dilation,ALL_AVERAGE,0.7828212,16.077294,15.9830056,11606.4,62,"[28, 24, 20, 16, 12]","[True, False]",[6],4,chi2,512
25,CBOSS_Dilation,ALL_AVERAGE,0.782792,23.3101416,15.2136796,9213.12,72,"[28, 24, 20, 16, 12]","[True, False]","[4, 6]",4,chi2,512
25,CBOSS_Dilation,ALL_AVERAGE,0.7827872,20.8392528,15.7282628,238096,92,"[28, 24, 20, 16, 12]","[True, False]",[8],6,none,256
25,CBOSS_Dilation,ALL_AVERAGE,0.7825872,6.3146204,15.0295972,5548.8,12,"[28, 24, 20, 16, 12]","[True, False]",[8],6,chi2,256
25,CBOSS_Dilation,ALL_AVERAGE,0.7825,20.194652,16.0434284,14503.04,62,"[28, 24, 20, 16, 12]","[True, False]",[6],6,chi2,256
25,CBOSS_Dilation,ALL_AVERAGE,0.7824288,10.081262,14.9692208,8296.64,22,"[28, 24, 20, 16, 12]","[True, False]",[8],6,chi2,512
25,CBOSS_Dilation,ALL_AVERAGE,0.7823632,25.059586,15.5458176,16130.88,72,"[28, 24, 20, 16, 12]","[True, False]","[4, 6]",6,chi2,256
25,CBOSS_Dilation,ALL_AVERAGE,0.7822072,8.6276756,15.2527608,1861.44,42,"[28, 24, 20, 16, 12]","[True, False]",[6],2,random,256
25,CBOSS_Dilation,ALL_AVERAGE,0.7822024,18.2912096,15.976006,16301.6,82,"[28, 24, 20, 16, 12]","[True, False]",[6],4,chi2,256
25,CBOSS_Dilation,ALL_AVERAGE,0.7821692,8.8784416,16.3376684,2688,42,"[28, 24, 20, 16, 12]","[True, False]",[6],2,none,256
25,CBOSS_Dilation,ALL_AVERAGE,0.7818988,26.5788664,15.3092092,14264.88,42,"[28, 24, 20, 16, 12]","[True, False]","[6, 8]",6,chi2,256
25,CBOSS_Dilation,ALL_AVERAGE,0.7815932,15.7298256,16.8386548,49422.4,92,"[28, 24, 20, 16, 12]","[True, False]",[6],4,none,512
25,CBOSS_Dilation,ALL_AVERAGE,0.7813524,12.4161844,15.0838492,8446.24,22,"[28, 24, 20, 16, 12]","[True, False]",[8],6,chi2,256
25,CBOSS_Dilation,ALL_AVERAGE,0.7811112,32.4008864,15.3635008,12116.32,82,"[28, 24, 20, 16, 12]","[True, False]","[4, 6]",6,chi2,512
25,CBOSS_Dilation,ALL_AVERAGE,0.7804704,15.6039592,15.0858616,10712.48,82,"[28, 24, 20, 16, 12]","[True, False]",[8],2,random,512
25,CBOSS_Dilation,ALL_AVERAGE,0.7802616,13.8660636,15.470344,11225.76,42,"[28, 24, 20, 16, 12]","[True, False]",[6],6,chi2,256
25,CBOSS_Dilation,ALL_AVERAGE,0.7799788,15.2656376,15.9957116,8494.08,42,"[28, 24, 20, 16, 12]","[True, False]","[6, 8]",2,none,256
25,CBOSS_Dilation,ALL_AVERAGE,0.779806,11.5942244,15.529264,205.92,22,"[28, 24, 20, 16, 12]","[True, False]","[4, 6]",2,chi2,256
25,CBOSS_Dilation,ALL_AVERAGE,0.779774,7.1150152,15.1552556,8192,32,"[28, 24, 20, 16, 12]","[True, False]",[8],6,random,256
25,CBOSS_Dilation,ALL_AVERAGE,0.7797032,15.6955652,16.0083516,1147.44,42,"[28, 24, 20, 16, 12]","[True, False]","[4, 6]",2,random,512
25,CBOSS_Dilation,ALL_AVERAGE,0.7795888,14.2924668,15.9211128,1029.84,42,"[28, 24, 20, 16, 12]","[True, False]","[4, 6]",2,random,256
25,CBOSS_Dilation,ALL_AVERAGE,0.7793656,10.5011432,16.2176076,2188.16,52,"[28, 24, 20, 16, 12]","[True, False]",[6],2,random,512
25,CBOSS_Dilation,ALL_AVERAGE,0.77897,12.6217132,15.3033792,15872,62,"[28, 24, 20, 16, 12]","[True, False]",[8],2,none,512
25,CBOSS_Dilation,ALL_AVERAGE,0.7788532,0.5801308,5.6032416,37.04,2,"[28, 24, 20, 16, 12]","[True, False]",[6],2,chi2,512
25,CBOSS_Dilation,ALL_AVERAGE,0.7786432,28.1711904,16.0468116,10172.16,72,"[28, 24, 20, 16, 12]","[True, False]","[4, 6]",4,chi2,256
25,CBOSS_Dilation,ALL_AVERAGE,0.7784544,13.2243992,16.5827144,876.8,32,"[28, 24, 20, 16, 12]","[True, False]","[4, 6]",2,random,256
25,CBOSS_Dilation,ALL_AVERAGE,0.7784288,7.9625236,15.78722,492.8,32,"[28, 24, 20, 16, 12]","[True, False]",[6],2,chi2,512
25,CBOSS_Dilation,ALL_AVERAGE,0.7783844,6.5660976,16.199618,1383.68,32,"[28, 24, 20, 16, 12]","[True, False]",[6],2,random,256
25,CBOSS_Dilation,ALL_AVERAGE,0.7783468,10.178302,15.7311092,3328,52,"[28, 24, 20, 16, 12]","[True, False]",[6],2,none,512
25,CBOSS_Dilation,ALL_AVERAGE,0.7775764,46.7983276,15.0426244,31825.84,82,"[28, 24, 20, 16, 12]","[True, False]","[6, 8]",6,chi2,512
25,CBOSS_Dilation,ALL_AVERAGE,0.7774972,18.2878952,16.337264,11586.56,62,"[28, 24, 20, 16, 12]","[True, False]","[6, 8]",2,none,256
25,CBOSS_Dilation,ALL_AVERAGE,0.7773188,14.7226524,15.3650464,11239.2,42,"[28, 24, 20, 16, 12]","[True, False]",[8],4,chi2,256
25,CBOSS_Dilation,ALL_AVERAGE,0.7769784,11.1297076,15.5194336,3968,62,"[28, 24, 20, 16, 12]","[True, False]",[6],2,none,256
25,CBOSS_Dilation,ALL_AVERAGE,0.7767604,24.5610096,15.7576268,22495.84,92,"[28, 24, 20, 16, 12]","[True, False]",[6],6,chi2,256
25,CBOSS_Dilation,ALL_AVERAGE,0.776702,20.9779204,16.194976,5009.6,62,"[28, 24, 20, 16, 12]","[True, False]","[6, 8]",2,random,512
25,CBOSS_Dilation,ALL_AVERAGE,0.77629,16.3469824,16.14526,20992,82,"[28, 24, 20, 16, 12]","[True, False]",[8],2,none,256
25,CBOSS_Dilation,ALL_AVERAGE,0.7762812,11.9529972,15.5091992,2713.12,62,"[28, 24, 20, 16, 12]","[True, False]",[6],2,random,512
25,CBOSS_Dilation,ALL_AVERAGE,0.776182,34.0027888,15.6346344,21767.2,92,"[28, 24, 20, 16, 12]","[True, False]","[6, 8]",4,chi2,256
25,CBOSS_Dilation,ALL_AVERAGE,0.776028,21.9659696,15.80068,16079.04,72,"[28, 24, 20, 16, 12]","[True, False]",[8],4,chi2,256
25,CBOSS_Dilation,ALL_AVERAGE,0.7760184,16.7712316,15.8621948,2329.6,52,"[28, 24, 20, 16, 12]","[True, False]","[4, 6]",2,none,256
25,CBOSS_Dilation,ALL_AVERAGE,0.775948,13.4133912,15.5420572,20992,82,"[28, 24, 20, 16, 12]","[True, False]",[8],2,none,512
25,CBOSS_Dilation,ALL_AVERAGE,0.7758464,8.9584692,15.491988,10752,42,"[28, 24, 20, 16, 12]","[True, False]",[8],6,random,256
25,CBOSS_Dilation,ALL_AVERAGE,0.7758216,14.0820232,16.7232544,3165.12,72,"[28, 24, 20, 16, 12]","[True, False]",[6],2,random,256
25,CBOSS_Dilation,ALL_AVERAGE,0.7757884,17.061936,15.5910816,811.44,42,"[28, 24, 20, 16, 12]","[True, False]","[4, 6]",2,chi2,512
25,CBOSS_Dilation,ALL_AVERAGE,0.775634,24.5756928,16.1062024,5973.12,72,"[28, 24, 20, 16, 12]","[True, False]","[6, 8]",2,random,512
25,CBOSS_Dilation,ALL_AVERAGE,0.7756128,12.9385644,16.291676,1187.84,32,"[28, 24, 20, 16, 12]","[True, False]","[4, 6]",2,none,512
25,CBOSS_Dilation,ALL_AVERAGE,0.7752852,18.1596704,14.9846048,5317.6,92,"[28, 24, 20, 16, 12]","[True, False]",[8],2,chi2,256
25,CBOSS_Dilation,ALL_AVERAGE,0.7752764,16.1912372,16.6984532,3673.6,82,"[28, 24, 20, 16, 12]","[True, False]",[6],2,random,512
25,CBOSS_Dilation,ALL_AVERAGE,0.7749072,11.1354084,15.0417396,13312,52,"[28, 24, 20, 16, 12]","[True, False]",[8],6,random,256
25,CBOSS_Dilation,ALL_AVERAGE,0.7748984,20.9388372,15.4119032,16705.28,62,"[28, 24, 20, 16, 12]","[True, False]",[8],4,chi2,512
25,CBOSS_Dilation,ALL_AVERAGE,0.7744372,13.0877148,16.1968096,3150.72,72,"[28, 24, 20, 16, 12]","[True, False]",[6],2,random,512
25,CBOSS_Dilation,ALL_AVERAGE,0.774092,9.069948,16.3693672,1953.84,42,"[28, 24, 20, 16, 12]","[True, False]",[6],2,random,512
25,CBOSS_Dilation,ALL_AVERAGE,0.7740596,19.2960416,16.6481724,182905.92,72,"[28, 24, 20, 16, 12]","[True, False]",[8],6,none,256
25,CBOSS_Dilation,ALL_AVERAGE,0.77404,7.6311412,15.3090096,636.16,32,"[28, 24, 20, 16, 12]","[True, False]",[6],2,chi2,256
25,CBOSS_Dilation,ALL_AVERAGE,0.7739228,19.5313756,15.3217704,4618.24,82,"[28, 24, 20, 16, 12]","[True, False]","[4, 6]",2,none,512
25,CBOSS_Dilation,ALL_AVERAGE,0.773682,17.3335568,16.0982228,23552,92,"[28, 24, 20, 16, 12]","[True, False]",[8],2,none,256
25,CBOSS_Dilation,ALL_AVERAGE,0.7736744,10.9488956,16.203446,6576.96,52,"[28, 24, 20, 16, 12]","[True, False]",[8],2,random,256
25,CBOSS_Dilation,ALL_AVERAGE,0.7736456,13.0745496,15.8552064,15872,62,"[28, 24, 20, 16, 12]","[True, False]",[8],2,none,256
25,CBOSS_Dilation,ALL_AVERAGE,0.77358,18.0126732,16.3224184,2229.76,52,"[28, 24, 20, 16, 12]","[True, False]","[4, 6]",2,none,512
25,CBOSS_Dilation,ALL_AVERAGE,0.7731524,12.1384928,15.7427316,4608,72,"[28, 24, 20, 16, 12]","[True, False]",[6],2,none,512
25,CBOSS_Dilation,ALL_AVERAGE,0.7730172,18.727796,16.0844716,12538.88,62,"[28, 24, 20, 16, 12]","[True, False]","[6, 8]",2,none,512
25,CBOSS_Dilation,ALL_AVERAGE,0.7729956,19.9500788,16.7627896,124446.56,92,"[28, 24, 20, 16, 12]","[True, False]",[8],4,none,256
25,CBOSS_Dilation,ALL_AVERAGE,0.7727144,40.8693664,14.4880724,21735.36,72,"[28, 24, 20, 16, 12]","[True, False]","[6, 8]",6,chi2,512
25,CBOSS_Dilation,ALL_AVERAGE,0.7726788,29.7103212,14.7715344,19847.28,82,"[28, 24, 20, 16, 12]","[True, False]","[6, 8]",4,chi2,256
25,CBOSS_Dilation,ALL_AVERAGE,0.7725776,23.6136308,16.2698856,61388.48,82,"[28, 24, 20, 16, 12]","[True, False]","[4, 6]",6,none,512
25,CBOSS_Dilation,ALL_AVERAGE,0.7723672,21.0968932,16.6217168,220546.08,92,"[28, 24, 20, 16, 12]","[True, False]",[8],6,none,512
25,CBOSS_Dilation,ALL_AVERAGE,0.7722176,23.7169604,15.2531084,23406.08,82,"[28, 24, 20, 16, 12]","[True, False]",[6],6,chi2,256
25,CBOSS_Dilation,ALL_AVERAGE,0.7721828,14.6945792,14.8151976,18432,72,"[28, 24, 20, 16, 12]","[True, False]",[8],6,random,256
25,CBOSS_Dilation,ALL_AVERAGE,0.7717188,13.9021664,15.7488592,257.28,32,"[28, 24, 20, 16, 12]","[True, False]","[4, 6]",2,chi2,256
25,CBOSS_Dilation,ALL_AVERAGE,0.7715368,17.4460784,15.7127124,1738.88,52,"[28, 24, 20, 16, 12]","[True, False]","[6, 8]",2,chi2,512
25,CBOSS_Dilation,ALL_AVERAGE,0.7714204,17.3501124,15.9258084,1789.2,42,"[28, 24, 20, 16, 12]","[True, False]","[6, 8]",2,chi2,256
25,CBOSS_Dilation,ALL_AVERAGE,0.7713476,16.87187,15.8553832,5146.56,72,"[28, 24, 20, 16, 12]","[True, False]","[6, 8]",2,random,256
25,CBOSS_Dilation,ALL_AVERAGE,0.7713196,10.6408704,15.3024096,3328,52,"[28, 24, 20, 16, 12]","[True, False]",[6],2,none,256
25,CBOSS_Dilation,ALL_AVERAGE,0.770532,22.2185704,15.5555404,11796.48,72,"[28, 24, 20, 16, 12]","[True, False]","[6, 8]",2,none,256
25,CBOSS_Dilation,ALL_AVERAGE,0.770498,1.550348,6.2515728,512,2,"[28, 24, 20, 16, 12]","[True, False]",[8],6,random,256
25,CBOSS_Dilation,ALL_AVERAGE,0.7704876,17.7384456,16.2496508,12559.12,82,"[28, 24, 20, 16, 12]","[True, False]",[6],4,chi2,512
25,CBOSS_Dilation,ALL_AVERAGE,0.7703592,17.3381616,16.158574,11076.8,92,"[28, 24, 20, 16, 12]","[True, False]",[8],2,random,256
25,CBOSS_Dilation,ALL_AVERAGE,0.7701196,17.333,15.4408216,1618.24,52,"[28, 24, 20, 16, 12]","[True, False]","[4, 6]",2,random,512
25,CBOSS_Dilation,ALL_AVERAGE,0.7698432,10.583532,16.7630332,2003.04,52,"[28, 24, 20, 16, 12]","[True, False]",[6],2,random,256
25,CBOSS_Dilation,ALL_AVERAGE,0.7696664,23.5197792,15.1278448,21536.48,82,"[28, 24, 20, 16, 12]","[True, False]",[8],4,chi2,512
25,CBOSS_Dilation,ALL_AVERAGE,0.7695724,16.158198,14.2878212,20992,82,"[28, 24, 20, 16, 12]","[True, False]",[8],6,random,256
25,CBOSS_Dilation,ALL_AVERAGE,0.7693316,10.4584768,14.4324136,1923.6,42,"[28, 24, 20, 16, 12]","[True, False]",[8],2,chi2,256
25,CBOSS_Dilation,ALL_AVERAGE,0.769056,24.1833512,16.249052,13434.88,82,"[28, 24, 20, 16, 12]","[True, False]","[6, 8]",2,none,512
25,CBOSS_Dilation,ALL_AVERAGE,0.768958,17.0556348,15.2006784,1817.92,52,"[28, 24, 20, 16, 12]","[True, False]","[4, 6]",2,random,256
25,CBOSS_Dilation,ALL_AVERAGE,0.7688196,23.209304,15.344942,14064.64,82,"[28, 24, 20, 16, 12]","[True, False]","[6, 8]",2,none,256
25,CBOSS_Dilation,ALL_AVERAGE,0.768358,12.1995584,15.7795264,2534.56,62,"[28, 24, 20, 16, 12]","[True, False]",[6],2,random,256
25,CBOSS_Dilation,ALL_AVERAGE,0.7679104,14.4085496,15.8553648,1800.96,42,"[28, 24, 20, 16, 12]","[True, False]","[4, 6]",2,none,256
25,CBOSS_Dilation,ALL_AVERAGE,0.7678724,15.7183524,14.8536548,12122.88,32,"[28, 24, 20, 16, 12]","[True, False]",[8],6,chi2,256
25,CBOSS_Dilation,ALL_AVERAGE,0.7678528,16.1809332,15.7122,1522.72,62,"[28, 24, 20, 16, 12]","[True, False]","[4, 6]",2,random,512
25,CBOSS_Dilation,ALL_AVERAGE,0.76771,19.3230772,15.6529676,5113.52,82,"[28, 24, 20, 16, 12]","[True, False]",[8],2,chi2,512
25,CBOSS_Dilation,ALL_AVERAGE,0.767374,13.8301624,15.6064528,3449.68,62,"[28, 24, 20, 16, 12]","[True, False]",[8],2,chi2,512
25,CBOSS_Dilation,ALL_AVERAGE,0.7671884,8.3453552,16.1282416,2688,42,"[28, 24, 20, 16, 12]","[True, False]",[6],2,none,512
25,CBOSS_Dilation,ALL_AVERAGE,0.7670468,12.0145464,15.3656684,3007.68,52,"[28, 24, 20, 16, 12]","[True, False]",[8],2,chi2,512
25,CBOSS_Dilation,ALL_AVERAGE,0.7668976,14.1378404,15.5493596,3280,82,"[28, 24, 20, 16, 12]","[True, False]",[6],2,random,256
25,CBOSS_Dilation,ALL_AVERAGE,0.7660496,15.4694472,15.6285256,23552,92,"[28, 24, 20, 16, 12]","[True, False]",[8],2,none,512
25,CBOSS_Dilation,ALL_AVERAGE,0.7657152,16.6909676,15.293918,9717.76,52,"[28, 24, 20, 16, 12]","[True, False]","[6, 8]",2,none,512
25,CBOSS_Dilation,ALL_AVERAGE,0.7655764,19.9600144,16.1308216,13455.36,72,"[28, 24, 20, 16, 12]","[True, False]","[6, 8]",2,none,512
25,CBOSS_Dilation,ALL_AVERAGE,0.7654564,21.1759632,16.782822,9203.68,92,"[28, 24, 20, 16, 12]","[True, False]","[6, 8]",2,random,512
25,CBOSS_Dilation,ALL_AVERAGE,0.7651684,14.3811964,15.5672108,5888,92,"[28, 24, 20, 16, 12]","[True, False]",[6],2,none,512
25,CBOSS_Dilation,ALL_AVERAGE,0.7650436,23.7626456,14.6937172,26746.24,92,"[28, 24, 20, 16, 12]","[True, False]",[8],4,chi2,512
25,CBOSS_Dilation,ALL_AVERAGE,0.7647452,16.6258172,16.0638756,3363.84,72,"[28, 24, 20, 16, 12]","[True, False]","[4, 6]",2,none,512
25,CBOSS_Dilation,ALL_AVERAGE,0.764506,13.9380984,15.9835232,5248,82,"[28, 24, 20, 16, 12]","[True, False]",[6],2,none,512
25,CBOSS_Dilation,ALL_AVERAGE,0.76414,30.4412344,15.5893712,12703.36,92,"[28, 24, 20, 16, 12]","[True, False]","[4, 6]",6,chi2,256
25,CBOSS_Dilation,ALL_AVERAGE,0.7636744,23.1782976,16.1490132,7858.88,82,"[28, 24, 20, 16, 12]","[True, False]","[6, 8]",2,random,256
25,CBOSS_Dilation,ALL_AVERAGE,0.7636428,12.816702,15.0078124,1046.56,62,"[28, 24, 20, 16, 12]","[True, False]",[6],2,chi2,512
25,CBOSS_Dilation,ALL_AVERAGE,0.763034,15.1899412,15.6181508,3214.08,62,"[28, 24, 20, 16, 12]","[True, False]",[8],2,chi2,256
25,CBOSS_Dilation,ALL_AVERAGE,0.762696,18.5151496,16.1974124,3253.76,62,"[28, 24, 20, 16, 12]","[True, False]","[4, 6]",2,none,512
25,CBOSS_Dilation,ALL_AVERAGE,0.762174,18.177822,15.9027532,3502.08,72,"[28, 24, 20, 16, 12]","[True, False]","[4, 6]",2,none,256
25,CBOSS_Dilation,ALL_AVERAGE,0.7621452,18.4445904,14.3728312,13962.48,42,"[28, 24, 20, 16, 12]","[True, False]",[8],6,chi2,512
25,CBOSS_Dilation,ALL_AVERAGE,0.7618688,18.410588,15.320078,11593.92,52,"[28, 24, 20, 16, 12]","[True, False]",[8],4,chi2,512
25,CBOSS_Dilation,ALL_AVERAGE,0.7617144,15.5803776,15.8676276,2824.08,82,"[28, 24, 20, 16, 12]","[True, False]","[4, 6]",2,random,512
25,CBOSS_Dilation,ALL_AVERAGE,0.760858,23.446558,15.588868,24186.24,52,"[28, 24, 20, 16, 12]","[True, False]",[8],6,chi2,512
25,CBOSS_Dilation,ALL_AVERAGE,0.7608552,23.2888408,16.4976904,17192.96,92,"[28, 24, 20, 16, 12]","[True, False]","[6, 8]",2,none,512
25,CBOSS_Dilation,ALL_AVERAGE,0.7607484,24.3535956,16.3780168,9818.24,92,"[28, 24, 20, 16, 12]","[True, False]","[6, 8]",2,random,256
25,CBOSS_Dilation,ALL_AVERAGE,0.7605944,15.3040644,16.263196,18432,72,"[28, 24, 20, 16, 12]","[True, False]",[8],2,none,512
25,CBOSS_Dilation,ALL_AVERAGE,0.75991,11.8694988,15.04348,1175.2,52,"[28, 24, 20, 16, 12]","[True, False]",[6],2,chi2,512
25,CBOSS_Dilation,ALL_AVERAGE,0.7595828,22.7512608,15.5970396,2514.72,62,"[28, 24, 20, 16, 12]","[True, False]","[6, 8]",2,chi2,512
25,CBOSS_Dilation,ALL_AVERAGE,0.7593356,18.3504604,15.4058504,713.44,52,"[28, 24, 20, 16, 12]","[True, False]","[4, 6]",2,chi2,512
25,CBOSS_Dilation,ALL_AVERAGE,0.759142,20.9393376,15.2298156,3275.2,92,"[28, 24, 20, 16, 12]","[True, False]","[4, 6]",2,random,256
25,CBOSS_Dilation,ALL_AVERAGE,0.7590444,16.35199,15.2942128,3651.84,72,"[28, 24, 20, 16, 12]","[True, False]",[8],2,chi2,512
25,CBOSS_Dilation,ALL_AVERAGE,0.7586812,26.6019048,15.313276,29977.28,92,"[28, 24, 20, 16, 12]","[True, False]","[6, 8]",6,chi2,256
25,CBOSS_Dilation,ALL_AVERAGE,0.75858,15.226552,15.9307476,3716.8,92,"[28, 24, 20, 16, 12]","[True, False]",[6],2,random,512
25,CBOSS_Dilation,ALL_AVERAGE,0.7583788,14.4866832,16.4359744,9345.6,72,"[28, 24, 20, 16, 12]","[True, False]",[8],2,random,256
25,CBOSS_Dilation,ALL_AVERAGE,0.7583784,18.6427068,15.7135992,3372.8,62,"[28, 24, 20, 16, 12]","[True, False]","[4, 6]",2,none,256
25,CBOSS_Dilation,ALL_AVERAGE,0.7577576,21.226716,16.0136532,1688.96,52,"[28, 24, 20, 16, 12]","[True, False]","[6, 8]",2,chi2,256
25,CBOSS_Dilation,ALL_AVERAGE,0.7574212,43.1037412,14.6681276,25384.64,92,"[28, 24, 20, 16, 12]","[True, False]","[6, 8]",6,chi2,512
25,CBOSS_Dilation,ALL_AVERAGE,0.7567792,9.201772,15.351794,729.12,42,"[28, 24, 20, 16, 12]","[True, False]",[6],2,chi2,256
25,CBOSS_Dilation,ALL_AVERAGE,0.756686,13.7604044,15.2501276,1592.64,72,"[28, 24, 20, 16, 12]","[True, False]",[6],2,chi2,256
25,CBOSS_Dilation,ALL_AVERAGE,0.7565444,29.9605192,14.53206,23307.84,72,"[28, 24, 20, 16, 12]","[True, False]",[8],6,chi2,512
25,CBOSS_Dilation,ALL_AVERAGE,0.756398,15.2022604,15.6921432,5888,92,"[28, 24, 20, 16, 12]","[True, False]",[6],2,none,256
25,CBOSS_Dilation,ALL_AVERAGE,0.7563464,17.7595348,15.3779152,2080.72,62,"[28, 24, 20, 16, 12]","[True, False]","[4, 6]",2,random,256
25,CBOSS_Dilation,ALL_AVERAGE,0.7562464,16.678122,15.4736708,512.4,42,"[28, 24, 20, 16, 12]","[True, False]","[4, 6]",2,chi2,256
25,CBOSS_Dilation,ALL_AVERAGE,0.7561784,20.6396164,16.5699,2850.32,82,"[28, 24, 20, 16, 12]","[True, False]","[4, 6]",2,random,256
25,CBOSS_Dilation,ALL_AVERAGE,0.7560824,20.8940568,14.5296708,3211.12,82,"[28, 24, 20, 16, 12]","[True, False]","[6, 8]",2,chi2,512
25,CBOSS_Dilation,ALL_AVERAGE,0.7555832,15.5969428,16.557688,9039.68,82,"[28, 24, 20, 16, 12]","[True, False]",[8],2,random,256
25,CBOSS_Dilation,ALL_AVERAGE,0.7543952,22.7728436,16.3372964,2436.48,72,"[28, 24, 20, 16, 12]","[True, False]","[4, 6]",2,random,256
25,CBOSS_Dilation,ALL_AVERAGE,0.7539744,18.5606396,15.9752044,2652.48,72,"[28, 24, 20, 16, 12]","[True, False]","[4, 6]",2,random,512
25,CBOSS_Dilation,ALL_AVERAGE,0.75386,17.8830712,15.0552812,2341.12,62,"[28, 24, 20, 16, 12]","[True, False]","[6, 8]",2,chi2,256
25,CBOSS_Dilation,ALL_AVERAGE,0.753756,11.9450708,16.4163524,3968,62,"[28, 24, 20, 16, 12]","[True, False]",[6],2,none,512
25,CBOSS_Dilation,ALL_AVERAGE,0.7537136,21.2373784,15.6152104,3525.44,92,"[28, 24, 20, 16, 12]","[True, False]","[6, 8]",2,chi2,256
25,CBOSS_Dilation,ALL_AVERAGE,0.7536556,23.077828,15.2695864,22619.52,72,"[28, 24, 20, 16, 12]","[True, False]",[8],4,chi2,512
25,CBOSS_Dilation,ALL_AVERAGE,0.7534832,19.6033352,14.9592472,1289.04,82,"[28, 24, 20, 16, 12]","[True, False]","[4, 6]",2,chi2,256
25,CBOSS_Dilation,ALL_AVERAGE,0.7533532,42.3823728,14.8621888,22671.36,82,"[28, 24, 20, 16, 12]","[True, False]","[6, 8]",6,chi2,256
25,CBOSS_Dilation,ALL_AVERAGE,0.7532872,13.0874908,16.2572412,4608,72,"[28, 24, 20, 16, 12]","[True, False]",[6],2,none,256
25,CBOSS_Dilation,ALL_AVERAGE,0.750706,15.7781768,14.7690876,1725.28,82,"[28, 24, 20, 16, 12]","[True, False]",[6],2,chi2,256
25,CBOSS_Dilation,ALL_AVERAGE,0.7503896,11.4627512,14.8307648,992.16,52,"[28, 24, 20, 16, 12]","[True, False]",[6],2,chi2,256
25,CBOSS_Dilation,ALL_AVERAGE,0.7491252,21.020316,15.6835492,2903.04,72,"[28, 24, 20, 16, 12]","[True, False]","[6, 8]",2,chi2,256
25,CBOSS_Dilation,ALL_AVERAGE,0.7484528,20.9531188,15.1759228,3116,82,"[28, 24, 20, 16, 12]","[True, False]","[6, 8]",2,chi2,256
25,CBOSS_Dilation,ALL_AVERAGE,0.7480976,9.934508,15.5730928,814.8,42,"[28, 24, 20, 16, 12]","[True, False]",[6],2,chi2,512
25,CBOSS_Dilation,ALL_AVERAGE,0.7478804,26.5658352,15.0523044,19800.32,62,"[28, 24, 20, 16, 12]","[True, False]",[8],6,chi2,512
25,CBOSS_Dilation,ALL_AVERAGE,0.747086,14.714562,14.8115772,11550.72,32,"[28, 24, 20, 16, 12]","[True, False]",[8],6,chi2,512
25,CBOSS_Dilation,ALL_AVERAGE,0.7470112,19.7775104,14.4406076,14883.12,42,"[28, 24, 20, 16, 12]","[True, False]",[8],6,chi2,256
25,CBOSS_Dilation,ALL_AVERAGE,0.7467172,15.6082892,15.815956,4298.24,92,"[28, 24, 20, 16, 12]","[True, False]","[4, 6]",2,none,256
25,CBOSS_Dilation,ALL_AVERAGE,0.7463768,13.2261992,15.5859228,368.64,32,"[28, 24, 20, 16, 12]","[True, False]","[4, 6]",2,chi2,512
25,CBOSS_Dilation,ALL_AVERAGE,0.7463108,13.4791456,15.5905948,5248,82,"[28, 24, 20, 16, 12]","[True, False]",[6],2,none,256
25,CBOSS_Dilation,ALL_AVERAGE,0.745754,15.2729556,14.3793996,2664,72,"[28, 24, 20, 16, 12]","[True, False]","[6, 8]",2,chi2,512
25,CBOSS_Dilation,ALL_AVERAGE,0.745328,22.8407152,14.8670464,19414.72,52,"[28, 24, 20, 16, 12]","[True, False]",[8],6,chi2,256
25,CBOSS_Dilation,ALL_AVERAGE,0.744698,21.2867528,14.8645184,4055.36,92,"[28, 24, 20, 16, 12]","[True, False]","[6, 8]",2,chi2,512
25,CBOSS_Dilation,ALL_AVERAGE,0.7443284,15.3403828,14.3268068,3548.16,72,"[28, 24, 20, 16, 12]","[True, False]",[8],2,chi2,256
25,CBOSS_Dilation,ALL_AVERAGE,0.7425668,17.394428,16.4202756,4031.12,82,"[28, 24, 20, 16, 12]","[True, False]",[8],2,chi2,256
25,CBOSS_Dilation,ALL_AVERAGE,0.7422916,25.7620896,15.5230624,1551.44,82,"[28, 24, 20, 16, 12]","[True, False]","[4, 6]",2,chi2,512
25,CBOSS_Dilation,ALL_AVERAGE,0.7421692,19.0984688,16.1643892,5004.8,92,"[28, 24, 20, 16, 12]","[True, False]","[4, 6]",2,none,512
25,CBOSS_Dilation,ALL_AVERAGE,0.7414184,21.0488096,14.9525264,959.76,62,"[28, 24, 20, 16, 12]","[True, False]","[4, 6]",2,chi2,256
25,CBOSS_Dilation,ALL_AVERAGE,0.7412832,15.5129644,16.0196336,4379.2,92,"[28, 24, 20, 16, 12]","[True, False]",[6],2,random,256
25,CBOSS_Dilation,ALL_AVERAGE,0.7411828,33.5542844,15.3131128,34194.56,92,"[28, 24, 20, 16, 12]","[True, False]",[8],6,chi2,512
25,CBOSS_Dilation,ALL_AVERAGE,0.74095,21.6651592,15.6140184,1281.6,72,"[28, 24, 20, 16, 12]","[True, False]","[4, 6]",2,chi2,256
25,CBOSS_Dilation,ALL_AVERAGE,0.7403428,20.380622,15.366466,979.2,72,"[28, 24, 20, 16, 12]","[True, False]","[4, 6]",2,chi2,512
25,CBOSS_Dilation,ALL_AVERAGE,0.7401584,18.1056936,15.1190616,834.08,52,"[28, 24, 20, 16, 12]","[True, False]","[4, 6]",2,chi2,256
25,CBOSS_Dilation,ALL_AVERAGE,0.7398412,17.1368272,15.9693496,2520.8,92,"[28, 24, 20, 16, 12]","[True, False]","[4, 6]",2,random,512
25,CBOSS_Dilation,ALL_AVERAGE,0.7395604,17.1618544,15.5673352,1748.24,82,"[28, 24, 20, 16, 12]","[True, False]",[6],2,chi2,512
25,CBOSS_Dilation,ALL_AVERAGE,0.7372152,14.6276092,15.5557628,3831.04,82,"[28, 24, 20, 16, 12]","[True, False]","[4, 6]",2,none,256
25,CBOSS_Dilation,ALL_AVERAGE,0.737152,30.607176,14.983596,29609.28,72,"[28, 24, 20, 16, 12]","[True, False]",[8],6,chi2,256
25,CBOSS_Dilation,ALL_AVERAGE,0.7367076,19.6543908,14.612668,1449.92,92,"[28, 24, 20, 16, 12]","[True, False]","[4, 6]",2,chi2,256
25,CBOSS_Dilation,ALL_AVERAGE,0.7361976,17.9343916,16.113116,5225.6,92,"[28, 24, 20, 16, 12]","[True, False]",[8],2,chi2,512
25,CBOSS_Dilation,ALL_AVERAGE,0.7353604,18.6634964,14.894356,944.88,62,"[28, 24, 20, 16, 12]","[True, False]","[4, 6]",2,chi2,512
25,CBOSS_Dilation,ALL_AVERAGE,0.732712,18.6292668,14.8473064,1873.12,92,"[28, 24, 20, 16, 12]","[True, False]",[6],2,chi2,256
25,CBOSS_Dilation,ALL_AVERAGE,0.7311852,31.223204,14.8144356,33515.04,82,"[28, 24, 20, 16, 12]","[True, False]",[8],6,chi2,512
25,CBOSS_Dilation,ALL_AVERAGE,0.7294092,14.7532124,15.3455548,1402.56,72,"[28, 24, 20, 16, 12]","[True, False]",[6],2,chi2,512
25,CBOSS_Dilation,ALL_AVERAGE,0.7270936,22.5311048,14.8966812,1689.12,92,"[28, 24, 20, 16, 12]","[True, False]","[4, 6]",2,chi2,512
25,CBOSS_Dilation,ALL_AVERAGE,0.7255908,28.629842,14.6048332,35353.76,92,"[28, 24, 20, 16, 12]","[True, False]",[8],6,chi2,256
25,CBOSS_Dilation,ALL_AVERAGE,0.7226244,31.698002,14.9930048,29395.36,82,"[28, 24, 20, 16, 12]","[True, False]",[8],6,chi2,256
25,CBOSS_Dilation,ALL_AVERAGE,0.7190968,16.3159948,15.5677636,1869.44,92,"[28, 24, 20, 16, 12]","[True, False]",[6],2,chi2,512
25,CBOSS_Dilation,ALL_AVERAGE,0.7156356,13.6122172,15.501498,1272.24,62,"[28, 24, 20, 16, 12]","[True, False]",[6],2,chi2,256
25,CBOSS_Dilation,ALL_AVERAGE,0.7123104,24.6604096,14.7738668,29308.64,62,"[28, 24, 20, 16, 12]","[True, False]",[8],6,chi2,256
